formation_date,date,total,total_weight,joint_search_analysis,joint_search_analysis_weight,joint_search_analysis_names,search_dominant,search_dominant_weight,search_dominant_names,analysis_dominant,analysis_dominant_weight,analysis_dominant_names,neither_high,neither_high_weight,neither_high_names
2025-04-14,2025-04-15,-0.005732237229412447,1.0000000000000002,-0.004629733955540893,0.4125740884125455,6,-0.00049936282529321,0.2775152798449318,4,0.0014708855195429188,0.19309295385085984,4,-0.002074025968121262,0.116817677891663,6
2025-04-15,2025-04-16,-0.009053573967337216,1.0,6.315237032236867e-05,0.2254950019920458,7,0.0020917506228681267,0.10095954165549359,3,-0.006621783487748839,0.26898593608650967,3,-0.004586693472778876,0.4045595202659511,7
2025-04-16,2025-04-17,0.0199460305868316,0.9999999999999999,0.008056024998818849,0.2790646776213356,7,-7.124503261500092e-05,0.04874530154425612,3,0.01687886098782472,0.2434392268002155,3,-0.004917610367196964,0.4287507940341928,7
2025-04-17,2025-04-21,-0.03073138736947639,1.0000000000000002,-0.01536264542627534,0.37494591790239995,7,-0.013712587427997634,0.2328308714531487,3,-0.0018207282595880327,0.1287453614455551,3,0.00016457374438461574,0.26347784919889644,7
2025-04-21,2025-04-22,-0.006763883730891009,1.0,-0.004118396553272781,0.39588834704557174,5,-0.00012368357092016835,0.18484467457273127,5,-0.0003571391726901204,0.1363629481457333,5,-0.002164664434007941,0.2829040302359637,5
2025-04-22,2025-04-23,0.033024717564586345,1.0000000000000002,0.012049163699010013,0.3843856626776363,7,0.0034150285906210474,0.1375682611899436,3,0.0047981327467704424,0.1517372069891757,3,0.012762392528184839,0.32630886914324453,7
2025-04-23,2025-04-24,-0.005428069310126613,0.9999999999999999,-0.003318129768936489,0.30176439574410646,5,-0.0005853725288652255,0.10733304829063502,5,-0.001508063707702631,0.3177675431531345,5,-1.650330462226818e-05,0.273135012812124,5
2025-04-24,2025-04-25,0.03684997674326415,1.0,0.008164971069237276,0.29483884151918704,4,0.007876665743241324,0.15217733492301322,3,0.008238257128582794,0.23956684623663588,3,0.01257008280220276,0.313416977321164,4
2025-04-25,2025-04-28,0.010947030743461789,1.0000000000000002,0.000344363443544427,0.08480984685782725,4,0.003362113428304816,0.28929273990772164,6,0.0028203387408905095,0.3508722273675175,6,0.0044202151307220355,0.2750251858669338,4
2025-04-28,2025-04-29,-0.010931511984767444,1.0,-0.004872679847884148,0.21522056833682526,6,-0.00012918382966172227,0.036702864641125765,4,-0.0042730049017993925,0.2971731800774223,4,-0.0016566434054221786,0.4509033869446266,6
2025-04-29,2025-04-30,-0.005591785560946738,1.0,0.0006790332271252096,0.11706506292461405,4,-0.0009761299448496595,0.10023087168380396,4,-0.0004691461128449817,0.31123683329905816,4,-0.004825542730377306,0.47146723209252395,4
2025-04-30,2025-05-01,0.012314494735975645,1.0,-0.007774180075879451,0.6122081613609253,8,0.0007208119667635218,0.02980178099460945,2,0.002067805659703806,0.03773149763991261,5,0.017300057185387772,0.32025856000455255,5
2025-05-01,2025-05-02,0.012047954775317685,1.0,0.0006155675932782592,0.22245118608536743,4,0.0013647530906115862,0.16662448257422577,6,0.004800008640685802,0.3506224730126775,6,0.005267625450742037,0.26030185832772934,4
2025-05-02,2025-05-05,-0.0071090489542791225,1.0,-0.0027061306084159055,0.3154043656679493,7,-0.00016128946866607227,0.05428333935500878,3,-0.0031681173304571137,0.16530106438278233,3,-0.001073511546740031,0.46501123059425964,7
2025-05-05,2025-05-06,-0.0024720015165729373,1.0,-0.000178190577910587,0.05965000256183325,4,4.733454227552646e-05,0.14018333206116365,6,-0.0003949504607319373,0.5356598546475134,6,-0.0019461950202059395,0.2645068107294898,4
2025-05-06,2025-05-07,0.004655532377173924,1.0,-0.0003732297464612411,0.1096973920752972,2,0.0013068704729846795,0.2934798718593074,8,0.002797832242059349,0.5153019416836324,8,0.0009240594085911362,0.0815207943817631,2
2025-05-07,2025-05-08,0.014394581349057422,1.0000000000000002,0.003214887446605951,0.14695331776158083,5,0.0004244432344491594,0.061387657202845364,5,0.005701471963496123,0.4714895246616333,5,0.00505377870450619,0.3201695003739403,5
2025-05-08,2025-05-09,-0.0017084903962536898,1.0,-0.0015369234720462438,0.20660309691461387,3,0.0006344318863412557,0.18936581332217786,6,-0.0015675128059236465,0.38553551357824506,6,0.0007615139953749446,0.21849557618496318,3
2025-05-09,2025-05-12,0.03286438811944197,0.9999999999999998,0.016581927187991518,0.2458126089329641,5,0.0018652454665618252,0.07688313821471933,5,0.009255137292213037,0.27875743883777965,5,0.0051620781726756,0.3985468140145368,5
2025-05-12,2025-05-13,0.010165007773074856,0.9999999999999999,0.004151607994727363,0.24976983294902236,5,-0.0001723566730094067,0.14600121512275185,5,0.0040891197021450405,0.27563506599188675,5,0.0020966367492118595,0.32859388593633887,5
2025-05-13,2025-05-14,0.018680526478483468,0.9999999999999999,0.0005601123093404148,0.08221025349002191,4,0.015033921913783476,0.3086394109134962,6,0.0022217182956125008,0.23150667400925126,6,0.0008647739597470764,0.37764366158723056,4
2025-05-14,2025-05-15,-0.0005286210744612688,1.0,-0.0025189189460985166,0.18112072636348842,4,0.0015122923595090741,0.48012319407945236,6,-0.000894596937255834,0.25298743591531436,6,0.0013726024493840075,0.08576864364174491,4
2025-05-15,2025-05-16,0.005658322462199967,0.9999999999999999,-0.0014217247697770469,0.2284595084010538,5,0.0016106942748697279,0.13388863255442876,5,0.0007845740843051439,0.05718352039156724,5,0.004684778872802142,0.58046833865295,5
2025-05-16,2025-05-19,-0.017432039940103342,1.0,-0.0001789180800629546,0.008235626085810981,6,-0.0059823338045904275,0.3880778586510707,4,-0.0034156855936413677,0.1546152300367507,4,-0.007855102461808592,0.4490712852263675,6
2025-05-19,2025-05-20,0.012115597678195103,1.0,0.003266129775518489,0.28356819494948354,4,0.000389880091932214,0.05627291357104025,6,0.0075716200556606005,0.5468340404629171,6,0.0008879677550838009,0.11332485101655916,4
2025-05-20,2025-05-21,-0.006044460328667337,1.0,-0.001596952608105564,0.31911319812992905,5,-4.7132786222181776e-05,0.03502475612017346,5,-0.0019968267790828175,0.2208506760733965,5,-0.0024035481552567737,0.425011369676501,5
2025-05-21,2025-05-22,0.003375763851859617,1.0,-0.0011067916585865607,0.25697156157507245,5,-0.003336886423454385,0.14411793388463698,5,0.008315948600946145,0.3779956034501684,5,-0.0004965066670455819,0.22091490109012232,5
2025-05-22,2025-05-23,-0.011673335459789437,1.0,-0.0020011842629994907,0.15320009752614866,5,-0.0058117214802854734,0.40318770179621816,5,-0.002707151424033839,0.24244968650386367,5,-0.0011532782924706356,0.2011625141737696,5
2025-05-23,2025-05-27,0.01862850995086482,1.0,0.007747027201906964,0.2581905478328142,7,0.0031882615568550533,0.2489871509780512,3,0.004490785333622207,0.22528932868955678,3,0.003202435858480597,0.2675329724995778,7
2025-05-27,2025-05-28,0.010856108157533365,1.0,0.002093897577048664,0.3182933784858515,6,0.007017072720349955,0.476639736352764,4,0.0008386893841566993,0.07897749127362146,4,0.0009064484759780476,0.12608939388776308,6
2025-05-28,2025-05-29,0.016123513407002046,1.0,-0.00014673487783248767,0.08990746208841205,4,0.0006367296186832372,0.23996460027024935,6,0.01575569929240615,0.5988866081719156,6,-0.00012218062625485272,0.07124132946942298,4
2025-05-29,2025-05-30,-0.013645323897608051,1.0,-0.004938255272024555,0.25438877548781325,5,-0.002852226772475561,0.3840371833111157,5,-0.0015472660572987632,0.10129398013560562,5,-0.004307575795809172,0.26028006106546553,5
2025-05-30,2025-06-02,-0.005382283341871522,1.0,0.0005347307063197502,0.36938266584381446,5,-0.004668781279539207,0.25063978097858486,3,0.0003774708509988854,0.09292067791746704,3,-0.0016257036196509513,0.2870568752601336,5
2025-06-02,2025-06-03,0.015842513389471357,1.0000000000000002,0.0011377707486895862,0.2301285893628565,5,0.008267140191559687,0.47779842999696975,5,0.0009714605277765859,0.08579489245865984,5,0.005466141921445499,0.20627808818151402,5
2025-06-03,2025-06-04,0.004826170641690386,1.0,0.00013547931551228317,0.08383280286710942,5,-0.0012414475856309317,0.3924028967251273,5,0.0070286189577878615,0.3517681393493004,5,-0.001096480045978827,0.17199616105846288,5
2025-06-04,2025-06-05,0.01286578889731522,1.0,0.002957742821334342,0.2894438923227562,5,0.0004934731810108685,0.08613791172967812,5,0.000668302268747516,0.24973158392877182,5,0.008746270626222493,0.3746866120187939,5
2025-06-05,2025-06-06,-0.003224176955687239,1.0,-0.008805702478341615,0.2626818587761224,4,0.0009798208173682078,0.06405703239929858,6,0.000725014809128995,0.17919424162815162,6,0.0038766898961571728,0.4940668671964274,4
2025-06-06,2025-06-09,-0.008268725162271819,1.0000000000000002,-0.001864770012848792,0.12494608942858108,6,0.00117084877096192,0.2201889586478814,4,-0.00469274761333602,0.3078444397962323,4,-0.0028820563070489254,0.3470205121273054,5
2025-06-09,2025-06-10,-0.0027658321216531205,1.0,-0.001187129729466174,0.1419311590646074,4,-0.00045017382616395826,0.2596890844028277,6,-0.0005924113636144265,0.15082586339542947,6,-0.0005361172024085615,0.44755389313713545,4
2025-06-10,2025-06-11,0.004070364867676715,1.0,0.0011304206903588907,0.4130731456034628,4,0.004052213393870608,0.2,1,-0.00039959962122544196,0.03048862852173259,1,-0.0007126695953273421,0.35643822587480456,3
2025-06-11,2025-06-12,-0.007830095795596544,1.0,-0.009979712461326836,0.4796279211258971,6,0.002029090403752068,0.13861269287915318,4,-0.001871862016784299,0.1092541751382092,4,0.0019923882787625242,0.2725052108567406,6
2025-06-12,2025-06-13,-0.0018963837168658754,1.0,-0.0016356563036655026,0.1870970119315376,3,-0.0020588229717592227,0.32632589551743524,7,-0.00137099413458649,0.41256275688641886,7,0.00316908969314534,0.07401433566460822,3
2025-06-13,2025-06-16,0.005073005391381062,1.0,0.001372023738031446,0.17090179225542132,7,0.001383356013706464,0.20835616245993233,3,0.0006050680587904287,0.08795699646992108,3,0.0017125575808527235,0.5327850488147252,7
2025-06-16,2025-06-17,-4.083111656564832e-05,1.0,-0.0004533460978021036,0.04076493009506625,6,0.00010092968555893797,0.22233366135602253,4,-0.0004697186528160983,0.25529398168394296,4,0.0007813039484936154,0.48160742686496844,6
2025-06-17,2025-06-18,2.206125415524506e-05,1.0,0.0015006298453222103,0.20240969471521159,7,0.0005180930166466578,0.23506890908574865,3,-0.00026685067738376985,0.23975158943087682,3,-0.0017298109304298532,0.32276980676816297,7
2025-06-18,2025-06-20,-0.0013157313188081152,1.0,-0.006754485711597817,0.2538778337385483,3,0.0034012886804148683,0.4078459446697943,5,0.0020851499150859364,0.3128248939307955,5,-4.768420271110246e-05,0.025451327660861927,2
2025-06-20,2025-06-23,-0.017580684970730565,1.0,-0.009673206568144391,0.4426800719931802,7,-0.005771803756171377,0.4044383187608294,3,-0.00029960175433406855,0.03200563165881902,3,-0.0018360728920807279,0.12087597758717133,7
2025-06-23,2025-06-24,0.022651755055618852,1.0,0.007752349975477304,0.391722532160445,6,0.004755031584974309,0.22427525617042324,4,0.00835385236498512,0.24638573180566525,4,0.0017905211301821168,0.13761647986346653,6
2025-06-24,2025-06-25,0.012618184415569469,1.0,0.003990764630173873,0.15924105062985702,4,0.005955435177976285,0.6080619864496211,6,0.0016130365873907207,0.15995957829005714,6,0.0010589480200285898,0.07273738463046495,4
2025-06-25,2025-06-26,0.013537203854908739,1.0,0.000895878185327996,0.20965742666477238,4,0.009526955265441768,0.3926945607463386,6,0.0028946895597392703,0.3489160428688132,6,0.0002196808443997049,0.04873196972007581,4
2025-06-26,2025-06-27,0.008145858085329714,1.0000000000000002,0.0005723904967004801,0.07161024812391993,5,0.0009634423493948944,0.16418085500694785,5,0.005387988191655423,0.5926012262971346,5,0.0012220370475789148,0.1716076705719978,5
2025-06-27,2025-06-30,0.009253130358354867,1.0,0.0037933531515114355,0.41329376239776805,6,-0.00013997703567800198,0.05991534543194528,4,0.0040055796484959215,0.17428238216596773,4,0.0015941745940255105,0.35250851000431893,6
2025-06-30,2025-07-01,0.0012122064669286559,1.0,0.0033914728682170603,0.25,1,0.0013580015026296022,0.25,1,-0.00030038583336367,0.25,1,-0.0032368820705543366,0.25,1
2025-07-01,2025-07-02,-0.021940817410268355,0.9999999999999998,-0.004947778412833465,0.29654922216842605,6,-0.006298225663290272,0.1932796515168628,4,-0.0006845962201037943,0.05008577546207897,4,-0.010010217114040824,0.4600853508526319,6
2025-07-02,2025-07-03,0.015127215906328647,1.0,0.00016716880352869235,0.048862743662288245,6,0.009382936731737707,0.34718681015658304,4,0.0018501436703659037,0.166822829392547,4,0.003726966700696342,0.4371276167885818,6
2025-07-03,2025-07-07,0.007591949924856806,1.0000000000000002,-5.089876168576078e-05,0.06956162998625531,4,0.0023417190369439595,0.3305870281121212,6,0.004292214134979569,0.26542270441309057,6,0.0010089155146190388,0.3344286374885331,4
2025-07-07,2025-07-08,0.001970677069721992,0.9999999999999997,0.0016115382996392418,0.48287135345804044,6,0.001368937354903196,0.13327057723136013,4,-0.0009450619687554294,0.31149185766707915,4,-6.473661606501627e-05,0.07236621164352008,6
2025-07-08,2025-07-09,-0.0011954744307905985,1.0000000000000002,0.0012652529067325128,0.2536531962418349,5,0.0021857005652356123,0.24677904476289492,5,-0.00021588110318560932,0.10463297269946797,5,-0.004430546799573114,0.39493478629580236,5
2025-07-09,2025-07-10,0.009542280457385515,1.0,-0.0003767337220841621,0.031187538196289603,3,0.005424611765816273,0.6248830178255991,7,0.0021894004787451726,0.2172639144749518,7,0.002305001934908231,0.12666552950315957,3
2025-07-10,2025-07-11,-0.010082432628112191,1.0000000000000002,-0.002208941811583759,0.2250383880682378,4,-0.0015482435786507386,0.07208132198347354,6,-0.0033417036670107493,0.26690828609989503,6,-0.002983543570866944,0.4359720038483937,4
2025-07-11,2025-07-14,0.0024900355570443315,1.0000000000000002,-0.0008374679830537593,0.1794912104953849,6,0.0020192386969965052,0.22014983941485045,4,0.00017570650848224603,0.31955759104168036,4,0.0011325583346193388,0.28080135904808434,6
2025-07-14,2025-07-15,0.01434070531584965,1.0,0.009284372432657109,0.6047135851839724,6,0.0021560462666660577,0.21936447978634155,4,0.002108680616330305,0.12842493285458811,4,0.0007916060001961779,0.04749700217509807,6
2025-07-15,2025-07-16,-0.0020396892220631594,1.0,-0.0005092212458726488,0.2401297059890408,4,-0.0006056809839026511,0.22446923215523762,5,-0.0009926012560076516,0.34348136424073805,5,6.781426371979188e-05,0.1919196976149836,4
2025-07-16,2025-07-17,-0.0013020031236971245,1.0000000000000002,-0.00030638725262540213,0.1859619978746543,3,-0.0006033549811254432,0.6277489312348495,5,0.0002706898293330593,0.05194827174787553,5,-0.0006629507192793385,0.1343407991426207,2
2025-07-17,2025-07-18,0.009189801676755205,1.0,0.0009120244770688203,0.18480414997332448,5,0.005244657053669475,0.48402651795180635,5,0.001970799225830526,0.1518017694367159,5,0.0010623209201863864,0.1793675626381534,5
2025-07-18,2025-07-21,-0.004115272942731997,0.9999999999999998,6.606041478450031e-05,0.07736671529555073,4,0.001041463403636943,0.34802380110759523,6,-0.003983590238558037,0.33631202591942244,6,-0.0012392065225954032,0.23829745767743138,4
2025-07-21,2025-07-22,0.005514644973728375,1.0,0.002769574094616996,0.2087793525064848,6,0.00012059000304365014,0.14667093131442066,4,-0.0004919145372474438,0.35196565175687267,4,0.0031163954133151726,0.2925840644222219,6
2025-07-22,2025-07-23,-0.007186959821862272,1.0,-0.0002557542027252231,0.15616481520619918,6,0.0008525281598260099,0.08339840633036523,4,-0.004977979869343843,0.32631927216070017,4,-0.002805753909619216,0.4341175063027355,6
2025-07-23,2025-07-24,0.013528139195267228,1.0,0.004774082823533755,0.1755226837683929,5,0.002899906005711422,0.2935780624226423,5,0.005275125992188748,0.33715275306555526,5,0.0005790243738333043,0.19374650074340966,5
2025-07-24,2025-07-25,0.0021209737384422665,0.9999999999999999,6.577571201761109e-05,0.13592723501799647,4,0.0032063266288968892,0.39422305575500494,6,0.0003244591502305494,0.12398074131985233,6,-0.0014755877527027836,0.34586896790714616,4
2025-07-25,2025-07-28,0.005435178427228329,1.0,0.0003368355920548362,0.0605897780690077,2,0.002301785583900335,0.4066049184618884,3,0.0018973615887390518,0.2995843489564506,3,0.0008991956625341061,0.23322095451265332,2
2025-07-28,2025-07-29,-0.013637368523291551,1.0,-0.00995055700488267,0.3574922423297508,5,0.0,0.0,0,0.0,0.0,0,-0.0036868115184088813,0.6425077576702491,5
2025-07-29,2025-07-30,-0.00032767825163581123,1.0,0.005688168755783824,0.47201962162072475,5,-0.0025765528081057813,0.2,1,8.379293685556367e-05,0.031090438792193753,1,-0.0035230871361694176,0.29688993958708143,5
2025-07-30,2025-07-31,0.028600691862261333,1.0000000000000002,0.02186909997635405,0.6004754177284237,9,0.00014256237003455635,0.0016623168542361866,1,0.0006327383878325149,0.04302698593786814,1,0.0059562911280402085,0.3548352794794721,9
2025-07-31,2025-08-01,-0.03491915050687226,0.9999999999999999,-0.006568060854598597,0.3253740554191543,7,-0.007694412109104465,0.20973438768770816,3,-0.012314247716829945,0.28365896090379544,3,-0.008342429826339247,0.18123259598934197,7
2025-08-01,2025-08-04,0.003088055093945349,1.0,-0.0018159290186804261,0.3743743836301321,10,0.0,0.0,0,0.004903984112625776,0.6256256163698678,10,0.0,0.0,0
2025-08-04,2025-08-05,0.0208944055118533,1.0,0.010106411207322039,0.42975240778541807,10,0.0,0.0,0,0.010787994304531263,0.5702475922145821,9,0.0,0.0,0
2025-08-05,2025-08-06,-0.00965125950112797,1.0,-0.002631675540048285,0.3731718907462176,10,0.0,0.0,0,-0.007019583961079684,0.6268281092537825,10,0.0,0.0,0
2025-08-07,2025-08-08,-0.002583369477723442,1.0,-0.00033673833941967347,0.5563391370242767,7,-0.0015799848570435479,0.06970303201828501,3,2.781066571232216e-05,0.09354092865988814,3,-0.0006944569469725428,0.2804169022975501,7
2025-08-08,2025-08-11,0.008467275031549842,1.0,0.006895262995900366,0.2595839936246876,5,-0.0005035925429162191,0.09885171437773549,5,0.0009878398795496878,0.3250529732677751,5,0.0010877646990160084,0.3165113187298019,5
2025-08-11,2025-08-12,0.002345427245516692,0.9999999999999999,8.161099567722649e-05,0.1501850371852847,3,0.0012332857931494439,0.4225723240240114,4,1.1935550349338178e-05,0.20612941413752917,4,0.0010185949063406838,0.2211132246531745,2
2025-08-12,2025-08-13,0.011183295569657317,1.0,0.006150998782404444,0.37183182181245417,7,0.003401215387243947,0.22313655656225637,3,0.00027133313111742986,0.06586642625121458,3,0.0013597482688914968,0.33916519537407475,7
2025-08-13,2025-08-14,-0.013790709254749402,1.0,0.0012715270798423083,0.23678149574119264,6,-0.003030213586660354,0.15575486399713695,4,-0.004471832022565384,0.1249079344683677,4,-0.007560190725365973,0.4825557057933026,6
2025-08-14,2025-08-15,0.012184766311474988,1.0,0.00228571961643875,0.157979932893036,2,0.0065296265983477665,0.34018603793344626,4,0.003229664270246368,0.29951848386318186,4,0.0001397558264421019,0.20231554531033585,2
2025-08-15,2025-08-18,-0.005166445639099878,1.0,0.00021944241427471184,0.15604082478535858,3,-0.0013303198783921055,0.32625573910270667,2,-0.0034326310824033704,0.4,2,-0.0006229370925791136,0.11770343611193466,2
2025-08-18,2025-08-19,-0.00046439688042223854,0.9999999999999999,0.00151751063415062,0.48140787235980864,6,-0.000807172596081451,0.1285281813344465,4,0.00019366117114832655,0.04458050124019477,4,-0.0013683960896397345,0.3454834450655501,6
2025-08-19,2025-08-20,-0.019925262808601834,0.9999999999999999,-0.01239045957165163,0.5035760584305405,5,-0.0029834747373730795,0.29448018166510415,5,-0.0013265881828829003,0.13732534886426315,5,-0.0032247403166942236,0.06461841104009197,5
2025-08-20,2025-08-21,-0.008580379592645567,1.0,-0.0006153483344655972,0.09836342833338911,5,-0.007314694619549388,0.5158860265385535,5,-0.0004206773668990135,0.33992165451793177,5,-0.00022965927173156732,0.04582889061012564,5
2025-08-21,2025-08-22,-0.00011997065001882957,1.0,3.926196436292803e-05,0.24127037112789387,4,0.0005429826273159342,0.26206043743042695,3,0.0014337153637039531,0.19153743712766438,3,-0.002135930605401645,0.30513175431401496,4
2025-08-22,2025-08-25,0.008309537109421773,0.9999999999999999,0.0006481538595974499,0.049529951105282535,3,0.0014123756754270541,0.2655320768051532,6,0.001659802515913104,0.3178580065923038,6,0.0045892050584841635,0.3670799654972604,3
2025-08-25,2025-08-26,0.002397267317706579,0.9999999999999999,-0.0001991472698832758,0.2903957531569176,7,0.0006639302607955744,0.10031647006181114,1,-0.00014708824431168712,0.018039053142122934,1,0.0020795725711059677,0.5912487236391482,6
2025-08-26,2025-08-27,0.002408522910344516,1.0000000000000002,0.001764956850830861,0.3173742154494832,4,0.0013251243915242085,0.13865005044278292,6,-0.000735656010896651,0.450176572790771,6,5.409767888609675e-05,0.09379916131696314,4
2025-08-27,2025-08-28,0.0059896402378781955,1.0,0.0033349110626645813,0.3180638402676337,3,0.0008682126802710474,0.20124818440822595,5,0.0015637111260400536,0.40070902939117137,5,0.00022280536890251289,0.07997894593296906,3
2025-08-28,2025-08-29,0.0029220337239808753,1.0,0.0034425901028939734,0.561723356977982,6,0.0002871377918674144,0.05277725646697079,3,0.00107327136833904,0.0805830530896624,3,-0.0018809655391195525,0.30491633346538477,5
2025-08-29,2025-09-02,-0.012743906003442447,1.0,-0.0035056402076954186,0.40946502964592824,6,-0.0030492357753260798,0.09446098448765347,4,-0.002464309920024163,0.21605742931049027,4,-0.003724720100396787,0.280016556555928,5
2025-09-02,2025-09-03,0.0384133868306009,1.0,0.017850370648998137,0.35728098966648125,4,0.004004935807888734,0.12302738499070956,3,0.016385040678033192,0.25135541176924386,3,0.00017303969568083837,0.26833621357356535,4
2025-09-03,2025-09-04,0.008984145772388798,1.0,0.0023960401798702497,0.3680725031431311,6,0.0001625803985222413,0.03342777820870318,2,0.005071007442234288,0.3239772600561693,2,0.0013545177517620167,0.27452245859199637,5
2025-09-04,2025-09-05,0.039743274643986255,1.0,4.043980584749531e-05,0.10105755920848493,3,0.03358725872267456,0.2331360167109927,4,0.0035954093208213347,0.4184459075841387,4,0.0025201667946428657,0.24736051649638358,3
2025-09-08,2025-09-09,0.001926184388737681,1.0,0.0025772779009842215,0.7858698620545976,8,-3.537768023234219e-05,0.007465290000813371,1,-8.611702574803539e-05,0.045341912036734745,1,-0.0005295988062661631,0.16132293590785424,7
2025-09-09,2025-09-10,0.012428593675873041,1.0,0.0013872583505156154,0.22788533434039643,2,0.00713139863551994,0.4761106336360794,4,0.003982068127193354,0.2922881831877605,4,-7.213143735586783e-05,0.0037158488357636596,1
2025-09-10,2025-09-11,0.014166699914568908,1.0,0.0,0.0,0,0.0,0.0,0,0.0,0.0,0,0.014166699914568908,1.0,3
2025-09-11,2025-09-12,0.000788041229004321,1.0000000000000002,-0.0007532480219215711,0.6530076991369715,5,0.000549679353710353,0.20000000000000007,1,-3.3783810096418445e-06,0.006196939416352147,1,0.0009949882782251808,0.14079536144667637,4
2025-09-12,2025-09-15,0.0013293593913791255,1.0,0.0006808350620033073,0.703780980294426,9,0.0001981581043641639,0.00892292578449189,1,9.96074684937503e-06,0.0007904714208567381,1,0.000440405478162279,0.2865056225002254,9
2025-09-15,2025-09-16,0.010562334284695878,0.9999999999999999,0.007010196807976534,0.627952719291335,9,3.7542167928194463e-06,0.00045023785679598386,1,0.0010786737932327191,0.08573589067785896,1,0.0024697094666938043,0.28586115217401,9
2025-09-16,2025-09-17,-0.003525809484818981,1.0,-4.571629409729844e-05,0.28141087396681996,7,-0.0022259999570105986,0.12371838876493851,1,1.7027107544745338e-06,0.0007824523487062184,1,-0.001255795944465558,0.5940882849195354,7
2025-09-17,2025-09-18,0.005141527281272758,1.0,0.0026682020248384257,0.18651600092268386,5,-0.0014417990945039798,0.21517634882555808,4,0.0009370429604226755,0.045003467997883226,4,0.0029780813905156355,0.5533041822538749,5
2025-09-18,2025-09-19,0.00034203208908340415,1.0,0.0016088489277233408,0.3816414506593482,4,-0.0012967933514799383,0.23165757900029077,6,-0.0001352078379540305,0.26680698234743394,6,0.0001651843507940322,0.11989398799292715,4
2025-09-19,2025-09-22,0.0002752441380609342,1.0,0.0007922761713891318,0.3300298477580673,6,0.0005395622811438306,0.16197712336290399,4,0.0004650954974658284,0.08281636858288706,4,-0.0015216898119378565,0.42517666029614165,6
2025-09-22,2025-09-23,0.0073024885319501725,1.0,-0.00027032574882365,0.21671577707745518,4,0.0007527806743304467,0.2545373972993339,4,0.006005370764667313,0.480584869223559,4,0.0008146628417760628,0.048161956399652164,3
2025-09-23,2025-09-24,-0.012686616852906342,1.0,-0.0021783538115811686,0.15331534973222813,2,-0.0059345057748725555,0.38648499902425626,6,-0.001661457190655084,0.3228141689326455,6,-0.0029123000757975337,0.13738548231087008,2
2025-09-24,2025-09-25,-0.02387763300239391,1.0000000000000002,-0.0041332596074094684,0.20000000000000004,1,-0.0040938583807199995,0.3512376634102434,2,-0.009852378984123649,0.2487623365897567,2,-0.005798136030140789,0.20000000000000004,1
2025-09-26,2025-09-29,0.005114326540698587,1.0,0.0002513256995899327,0.10773863536513324,3,0.0008620856758658388,0.2165132447259507,3,0.003074755741692181,0.4024643949940764,3,0.0009261594235506347,0.27328372491483965,3
2025-10-09,2025-10-10,0.0008724934529727132,1.0,-0.0002459452732762275,0.45781204915080975,3,0.0006933752470847302,0.23053929391844286,2,0.00029716496182274964,0.25836063126156134,2,0.00012789851734146078,0.053288025669186,2
2025-10-10,2025-10-13,-0.01214676915880236,1.0,-0.003999492395524737,0.21925632495423833,3,-0.002256975419542982,0.4287139312107452,3,-0.0018143805208065999,0.2593227349071623,3,-0.004075920822928043,0.09270700892785413,2
2025-10-13,2025-10-14,-0.007582542239545089,1.0,-0.002246996172017365,0.5779777179867696,4,-0.003399569068709596,0.2,1,-0.00013121140125099426,0.026639623044193615,1,-0.0018047655975671332,0.1953826589690368,3
2025-10-14,2025-10-15,0.01772826481702171,1.0,0.004192484867168772,0.3532384895043455,2,0.007235087408473155,0.2497424888197722,3,0.00649599997260269,0.26066861818275816,3,-0.00019530743122290654,0.13635040349312405,1
2025-10-15,2025-10-16,0.009067434851675254,1.0,0.0025415016447551285,0.1212240896045354,3,-0.0001314216445301629,0.22653740808682132,3,0.004482299763359179,0.3722369871881164,3,0.0021750550880911077,0.28000151512052696,3
2025-10-16,2025-10-17,-0.01800122433349649,1.0,-0.0037971769716623307,0.39999999999999997,2,-0.004433931125536361,0.2,1,-0.0025604672323676914,0.2,1,-0.007209649003930108,0.2,1
2025-10-17,2025-10-20,0.0062662657731400884,1.0,0.0031344712075290996,0.2,1,0.005447765027052453,0.3651839571614438,4,-0.0023159704614414637,0.4348160428385561,4,0.0,0.0,0
2025-10-20,2025-10-21,-0.005698970033508296,1.0,0.0011963979807806421,0.22907904526121492,2,-0.008519363889023376,0.36983319842891915,2,0.0016083237358792773,0.20108775630986594,2,1.5672138855160614e-05,0.20000000000000004,1
2025-10-21,2025-10-22,-0.001782796732887379,1.0,0.0008077991816788486,0.2530504650352789,4,-1.6461895640861813e-05,0.16564776670869322,2,-0.0012459571082273353,0.19773181346515412,2,-0.0013281769106980308,0.38356995479087386,3
2025-10-22,2025-10-23,-0.010173504083731012,1.0,-0.00506646369573871,0.4,2,-0.002266481647383972,0.2049826198143868,3,-0.0012534936612808884,0.28165133773790496,3,-0.0015870650793274428,0.11336604244770816,1
2025-10-23,2025-10-24,0.01985089638446518,1.0000000000000002,0.013737024124025938,0.5993000691097796,3,0.0019732602334652767,0.2250761760852262,2,0.003379123822824592,0.07974829626921176,2,0.0007614882041493758,0.09587545853578251,2
2025-10-24,2025-10-27,0.026106859431487345,1.0000000000000002,0.01010117846505445,0.25706858638388536,2,-0.00011916153474684661,0.06057329303231307,3,0.005874764647042688,0.28235812058380166,3,0.010250077854137054,0.4000000000000001,2
2025-10-27,2025-10-28,0.013818808792135361,0.9999999999999999,0.006124047356318241,0.34504111225099404,4,0.00253351433841886,0.25558488297830173,6,0.00524706748219447,0.3482502464048902,6,-8.582038479620811e-05,0.051123758365813905,3
2025-10-28,2025-10-29,0.017839566316563842,1.0,-0.001959450086137195,0.26305723288086835,3,0.017322872001554815,0.4552631446592748,7,0.0026635804325739975,0.25735246032711834,7,-0.00018743603142777417,0.024327162132738563,3
2025-10-29,2025-10-30,0.00020710469736593296,1.0000000000000002,0.002080350706215261,0.5661743462753909,8,-7.616502148263497e-05,0.02528966711788861,2,-0.0004737393622006388,0.023784514613104796,2,-0.0013233416251660557,0.3847514719936158,8
2025-10-30,2025-10-31,0.002073292619015841,1.0000000000000002,-0.0005927167166652227,0.17263240608877523,9,-0.0007645857602697611,0.1724249319122729,1,-0.002469257675320717,0.07268954062125683,1,0.005899852771271541,0.582253121377695,9
2025-10-31,2025-11-03,-0.0007773526684560815,1.0,-0.004062069740489685,0.6375068320478893,9,0.0005136263754440118,0.009317596396776363,1,0.00034923348720210414,0.01351641434791224,1,0.0024218572093874877,0.3396591572074221,9
2025-11-03,2025-11-04,-0.022482201941702033,1.0000000000000002,-0.018570912479344778,0.46960240635710965,7,-0.00017200955450130993,0.025197449752341443,3,0.0012027928026186947,0.1895006589565416,3,-0.004942072710474638,0.31569948493400746,6
2025-11-04,2025-11-05,-0.007349041029671162,1.0,0.00030392804001676,0.14896774869453197,7,-7.940239776164362e-05,0.278250635142462,3,-0.004283749426150573,0.3350192212102728,3,-0.0032898172457757058,0.23776239495273319,7
2025-11-05,2025-11-06,0.004857189890088769,0.9999999999999999,0.0038976679080933536,0.3186980415852287,7,0.0018691039861801198,0.08218495800483482,3,0.00015456153654488074,0.0776459159470646,3,-0.001064143540729587,0.5214710844628717,7
2025-11-06,2025-11-07,-0.027807047400668517,1.0,-0.006789333405023147,0.4114613937929317,8,0.0013091872707154152,0.0568600333244737,2,-0.0022550210786155666,0.11586290400346405,2,-0.020071880187745215,0.4158156688791306,8
2025-11-07,2025-11-10,0.015683233158280165,1.0,0.004552661021641751,0.3444256566053257,7,0.0006843833590900374,0.045779939752948556,3,0.001056635082957455,0.20991421098364652,3,0.009389553694590923,0.3998801926580793,7
2025-11-10,2025-11-11,0.0106570852646929,1.0,0.005701954528817868,0.22465571616621116,3,0.007910009180606846,0.5130990959179655,3,-0.0036891429090833918,0.20889589323454205,3,0.0007342644643515778,0.05334929468128129,2
2025-11-11,2025-11-12,0.00533887265574462,1.0,0.0001083033418984448,0.04886357381319265,6,0.0016970025254531482,0.23919895661435983,4,0.005574684578790272,0.2255336820639416,4,-0.0020411177903972453,0.4864037875085058,6
2025-11-12,2025-11-13,-0.010128054145574683,1.0,-0.00046154671435291185,0.45309869670517866,6,-0.0008034538856861517,0.11113181972974219,4,-0.0026095245313380267,0.11378334778402852,4,-0.006253529014197594,0.3219861357810508,6
2025-11-13,2025-11-14,-0.022010943012852686,1.0,-0.010058743413668665,0.4775709168898799,7,-0.008404192561501569,0.3120733359534928,3,0.0008700141850650886,0.09742198550789608,3,-0.0044180212227475394,0.11293376164873123,7
2025-11-14,2025-11-17,0.007017404874090952,1.0,0.0018391295982700857,0.19567720644001244,5,-0.00020048394707844182,0.34618157094337765,5,0.0011557647128853908,0.17526647680273813,5,0.004222994510013919,0.2828747458138717,5
2025-11-17,2025-11-18,-0.00602232035405792,1.0,2.2642070018128066e-05,0.03540666446335043,5,-0.002851781201555255,0.23844610719646134,5,-0.005374956267298071,0.4989985591886126,5,0.0021817750447772773,0.22714866915157558,5
2025-11-18,2025-11-19,0.0016866928511434552,1.0,-0.00013319854137551604,0.6694148664646252,6,0.0028814031727470877,0.20166113038808683,4,-0.0005212498826236685,0.055381488096999096,4,-0.0005402618976044476,0.07354251505028868,6
2025-11-19,2025-11-20,0.045587510209252856,1.0000000000000002,0.006457155198524144,0.2698582104886611,6,0.02495122425496702,0.4083135849071988,4,0.0023238396807176193,0.07418069561961278,4,0.011855291075044076,0.2476475089845274,6
2025-11-20,2025-11-21,-0.04104929785341626,1.0,-0.005170765966933964,0.2322680979336262,5,-0.00241715065411684,0.06829634966336351,5,-0.018050259861726342,0.2515092474749482,5,-0.015411121370639116,0.44792630492806207,5
2025-11-21,2025-11-24,0.024823217176219967,1.0,0.003977524918884464,0.12505438291173704,4,0.0009343447133828705,0.08000649260980477,6,0.016478865602984692,0.5461193017487724,6,0.0034324819409679457,0.24881982272968586,4
2025-11-24,2025-11-25,0.012688225123196062,1.0,-0.0022251911669823577,0.3077016660981271,6,0.0005585400189630889,0.06277952950951785,4,0.003992814178103146,0.3111826206488466,4,0.010362062093112183,0.31833618374350847,6
2025-11-25,2025-11-26,0.012485042152144576,1.0000000000000002,0.004239648583051092,0.3125901298767352,4,0.0002741910035753269,0.1364944330763278,6,0.0020152139609566294,0.20540352772077045,6,0.005955988604561528,0.34551190932616677,4
2025-11-26,2025-11-28,-0.0015321214364803822,1.0,0.00021926634461549686,0.12535956960671532,4,0.00039745915804763245,0.09280515950074371,6,-0.0033985088103850583,0.5040060913060598,6,0.0012496618712415464,0.27782917958648123,4
2025-11-28,2025-12-01,-0.007932292648919691,1.0,0.000982813093894226,0.07047209484121379,5,-0.001145969907064709,0.31464467659478923,5,-0.005594288283951214,0.29049509289591074,5,-0.0021748475517979933,0.3243881356680862,5
2025-12-01,2025-12-02,-0.00595163627608529,1.0,-0.00045262353316655364,0.21808237562054672,4,-0.0036115840145266105,0.3942326132041512,6,-0.0017524588387244889,0.18979210556909643,6,-0.0001349698896676381,0.1978929056062058,4
2025-12-02,2025-12-03,0.003883540828875918,0.9999999999999999,-0.0008175456101037917,0.23302248868830308,5,0.0036454127904231868,0.32490148785355183,5,-0.0019618364914785066,0.10655458476034127,5,0.0030175101400350297,0.33552143869780365,5
2025-12-03,2025-12-04,0.014326236817028859,1.0,-0.001336952025236617,0.0983388924589277,5,0.0002893304467492257,0.4176403628071386,5,0.004813061935944501,0.23711591566832527,5,0.010560796459571748,0.2469048290656084,5
2025-12-04,2025-12-05,0.009542476031909844,1.0,0.0018558167951552614,0.13119521903690717,5,-0.0015737169699812136,0.329141368845617,5,0.0074187212129686285,0.3307406098651689,5,0.0018416549937671674,0.20892280225230692,5
2025-12-05,2025-12-08,0.009654261619693369,1.0,-0.002567138400062531,0.24170732719057286,4,0.001383558112669798,0.15339839324807383,6,7.321748744311418e-05,0.3249872312820029,6,0.010764624419642987,0.2799070482793504,4
2025-12-08,2025-12-09,-0.00331933184804639,1.0,0.0004889301504157445,0.2996108091667339,4,-0.0023233930272176066,0.5140210176441554,6,-0.0006014225295134873,0.08007068558925036,6,-0.0008834464417310408,0.10629748759986021,4
2025-12-09,2025-12-10,0.017075777227295377,1.0,0.0017406973745758272,0.21546982890128663,3,0.006667981407780632,0.4150027484370714,7,0.006710783383940491,0.31440799141711034,7,0.0019563150609984256,0.05511943124453156,3
2025-12-10,2025-12-11,0.010275469659798019,1.0,0.0031795685398888452,0.16332756938437257,5,0.006535432788063281,0.4591058395705224,5,0.0013206721013517568,0.08581189497644495,5,-0.0007602037695058657,0.29175469606866,5
2025-12-11,2025-12-12,-0.012162003428710707,1.0,-0.009076236586530095,0.35084714797503114,6,0.0002946457984354243,0.06321702276695124,4,-0.0008942774107187131,0.12944488436424273,4,-0.002486135229897324,0.456490944893775,6
2025-12-12,2025-12-15,-0.026664466212859197,1.0000000000000002,-0.0037014017042187614,0.14175911714752543,4,-0.008918300657467206,0.2357877089236293,6,0.0016019457575004571,0.32600622653511724,6,-0.015646709608673686,0.29644694739372823,4
2025-12-15,2025-12-16,4.714747294105848e-05,1.0000000000000002,-0.0025542728118656305,0.30876817295758147,6,0.005738324035124996,0.24530406665408688,4,0.0007392594242752921,0.15141786539812668,4,-0.0038761631745935993,0.2945098949902052,6
2025-12-16,2025-12-17,2.1672814509281126e-05,1.0,0.00023868151856362317,0.2245391905036467,5,-0.005105072242382187,0.20780448808490304,5,0.001022784650418412,0.39650992186040535,5,0.0038652788879094332,0.17114639955104483,5
2025-12-17,2025-12-18,-0.011247521083249388,1.0,-0.004143076138912215,0.3659165460068469,6,-0.006528970058342074,0.34229464541736093,4,-0.0011960461307691233,0.09190899146150304,4,0.0006205712447740228,0.1998798171142891,6
2025-12-18,2025-12-19,0.012625053685570977,1.0,0.00014495159246645606,0.09059112710842974,6,0.0020197649213657774,0.28695985226226123,3,0.009073819308531931,0.23769622997089937,3,0.001386517863206812,0.38475279065840984,6
2025-12-19,2025-12-22,0.03348715716607324,0.9999999999999999,0.01694474974161419,0.42484079474778524,7,0.0033283016588675825,0.21875798870655339,3,0.009716653928305,0.15816528160271756,3,0.003497451837286473,0.19823593494294361,7
2025-12-22,2025-12-23,-0.003269460447808854,1.0,-0.0008141792927487895,0.250134102623176,4,0.0004008396897268822,0.21932895265506278,6,-0.00447517585686954,0.3531288015127586,6,0.0016190550120825937,0.17740814320900264,4
2025-12-23,2025-12-24,0.00485572424670127,1.0000000000000002,0.0018191047563742278,0.4238522622224305,7,0.001793133106539006,0.1548816517405175,3,0.001154307495895844,0.17761759985607561,3,8.917888789219291e-05,0.24364848618097648,7
2025-12-24,2025-12-26,0.004340037900060499,1.0,-0.00017223045085065393,0.22478167690302542,5,-0.0004008031976678609,0.0692009822374066,5,0.002708879009001758,0.4885196213515927,5,0.002204192539577255,0.21749771950797528,5
2025-12-26,2025-12-29,-0.016142315290985393,1.0,-0.0034216629302018997,0.18185949010976224,6,-0.0014278468763825817,0.09093138735150338,4,-0.0075806220813827395,0.3742454754728056,4,-0.0037121834030181705,0.3529636470659287,6
2025-12-29,2025-12-30,0.010181729023856811,1.0,0.009030166004901382,0.3879227914635832,6,0.0006271152997130991,0.2190532524408838,4,-0.00010156104152475764,0.052831235884637714,4,0.0006260087607670877,0.34019272021089514,6
2025-12-30,2025-12-31,-0.0056099170771631585,1.0,-0.0047077257791731,0.44442921688649584,5,-0.0008467743908302617,0.13002035085276342,5,0.0006981303308603976,0.360670557695732,5,-0.0007535472380201946,0.06487987456500877,5
2025-12-31,2026-01-02,-0.0017196937726044012,1.0,0.0024183855321014344,0.2706484525302004,5,-0.0010948489967534472,0.11837531740715822,5,-0.0014152217640957601,0.2648773247148435,5,-0.0016280085438566277,0.3460989053477981,5
2026-01-02,2026-01-05,0.004954503340992096,1.0000000000000002,0.0012214252955895662,0.1262594658341124,6,-0.0021696238194895408,0.2852968672870615,4,0.004000427098106456,0.33476835986914893,4,0.0019022747667856138,0.2536753070096774,6
2026-01-05,2026-01-06,-0.00047202210478112855,1.0000000000000002,-0.002616059436948768,0.2812475108947367,7,-0.003715039082499218,0.22290247250221468,3,0.001464387212031019,0.04680293425084558,3,0.00439468920263584,0.4490470823522032,7
2026-01-06,2026-01-07,0.011431963215895789,0.9999999999999999,0.001806763059735119,0.24436429291919662,5,0.005053566142451215,0.2806533487467512,5,0.0034238120316171395,0.376066134954955,5,0.0011478219820923194,0.09891622337909708,5
2026-01-07,2026-01-08,-0.002156581382040976,0.9999999999999998,-0.002970106094471474,0.30990921316851716,6,-0.0035684757780909855,0.12554324871666311,4,0.0016507724493535886,0.24950015487803337,4,0.002731228041167895,0.31504738323678616,6
2026-01-08,2026-01-09,-0.004268751146727404,1.0,-0.0015007190977941725,0.3292709360731366,6,0.0010476600242425539,0.05905192850302058,4,-0.00013190358008049457,0.14435593259603074,4,-0.00368378849309529,0.4673212028278121,6
2026-01-09,2026-01-12,0.0030999883432654175,1.0000000000000002,0.001001880746653884,0.3590714068627323,7,0.0014851094693748349,0.28053205541841497,3,0.0004247385486037868,0.07065872232070797,3,0.00018825957863291177,0.28973781539814486,7
2026-01-12,2026-01-13,0.008742408590514124,1.0,0.0015894547523991132,0.3395305267142732,7,0.0033865604006560546,0.10704188689837409,3,0.0005398540507474701,0.18778753873098958,3,0.0032265393867114845,0.36564004765636315,7
2026-01-13,2026-01-14,-0.007830361111248522,1.0,-0.0040534250441811625,0.3330520786131418,6,0.0006755762961395827,0.1817721080654548,4,-0.0002335440911958683,0.1394484968827088,4,-0.004218968272011073,0.3457273164386947,6
2026-01-14,2026-01-15,-0.003482630948626958,1.0,0.0002301836192420781,0.3051278337757802,5,0.001801139176951802,0.22455817896779384,5,-0.002630772267073256,0.20881547792972469,5,-0.0028831814777475822,0.2614985093267013,5
2026-01-15,2026-01-16,0.011915060178094728,0.9999999999999998,2.9024010878799433e-06,0.051953047863557304,4,0.00045454915470224174,0.17068602539240513,6,0.012158076221489752,0.4741784646778135,6,-0.0007004675991851455,0.303182462066224,4
2026-01-16,2026-01-20,-0.030587251577811767,1.0,-0.008369042999928225,0.33395358066012537,8,-0.013111564137939083,0.13662188012777585,2,-0.0022674435102242397,0.11924757454584306,2,-0.006839200929720212,0.41017696466625575,8
2026-01-20,2026-01-21,-0.006707339846830328,1.0,-0.0075744099054021975,0.6516793895310136,6,0.0004632802018876345,0.07753998334975322,4,-0.0006200627281021825,0.12997132828444752,4,0.0010238525847864198,0.14080929883478566,6
2026-01-21,2026-01-22,0.028802431836962843,0.9999999999999999,0.006805803314755438,0.38407027884608286,6,0.005944545708441285,0.26937460481898934,4,0.001312192640626634,0.04497953411291504,4,0.014739890173139486,0.3015755822220127,6
2026-01-22,2026-01-23,-0.004515740156026619,0.9999999999999999,0.0016738302768874956,0.3370343136875847,6,-0.00010327185440409827,0.05318020789320515,4,0.00116938385646826,0.2683157553499728,4,-0.007255682434978276,0.34146972306923745,6
2026-01-23,2026-01-26,0.0027083882581595085,1.0,0.0031628553203157683,0.46759891096785766,6,-0.00042998397387297493,0.039725878748323236,4,0.001510914518009037,0.1781770928262717,4,-0.001535397606292323,0.3144981174575476,6
2026-01-26,2026-01-27,0.004763372559272889,1.0000000000000002,0.0037018500906494238,0.5778047960061243,7,-0.0008621747970365078,0.060353109400519474,3,-0.000662183107632029,0.01455532679186768,3,0.0025858803732920032,0.3472867678014886,7
2026-01-27,2026-01-28,0.017477538219101425,0.9999999999999998,0.0011700622826108465,0.35610149209143127,6,0.004245706072849234,0.15825026247497204,4,0.0014709407477289935,0.0223282501104511,4,0.010590829115912347,0.46331999532314544,6
2026-01-28,2026-01-29,-0.00848310229060782,1.0,-0.013506628964651742,0.41206243680278826,7,0.0004346708368860702,0.06780743667452911,3,0.0006916595303258736,0.05046992464900279,3,0.0038971963068319786,0.4696602018736798,7
2026-01-29,2026-01-30,-0.0007749193826328485,1.0,-0.0016499966109725023,0.24667594036643484,5,0.001016070903252305,0.2226659447919972,5,0.0029405909135351536,0.2635923902949313,5,-0.0030815845884478053,0.2670657245466367,5
2026-01-30,2026-02-02,-0.02010973497135012,1.0,-0.012696928065315975,0.224428592402785,6,0.0011646657852554933,0.10368730698130939,4,0.0018075693204237112,0.3821296549490776,4,-0.010385042011713353,0.28975444566682806,6
2026-02-02,2026-02-03,0.02821947087374509,1.0,-0.002150247997213884,0.1754007049772046,5,0.017462718623249055,0.4268952028127819,5,0.010362981726798831,0.20323077870004205,5,0.002544018520911091,0.19447331350997155,5
2026-02-03,2026-02-04,-0.012508653407991633,0.9999999999999998,0.0015843493428581094,0.058383297036388324,4,-0.006551657790311422,0.580304395652096,6,-0.0008018415759671227,0.0766418353404863,6,-0.006739503384571199,0.284670471971029,4
2026-02-04,2026-02-05,-0.04502179588174138,1.0000000000000002,0.0015483152320469769,0.0848546247416124,6,0.0023131834724925116,0.12734827615901084,4,-0.03413638537601745,0.4131457819306721,4,-0.014746909210263415,0.37465131716870487,6
2026-02-05,2026-02-06,-0.022500717471357682,1.0,0.00218011288776325,0.05234725080866742,5,-0.005590814812252875,0.22904996271964218,5,-0.024778904030574336,0.5451722163559476,5,0.0056888884837062795,0.17343057011574278,5
2026-02-06,2026-02-09,0.012278223905871738,1.0,0.004353712956654633,0.2617021599457368,3,0.0052208733403870085,0.26581990332556527,7,0.0026444998309543034,0.33681926887293256,7,5.913777787579108e-05,0.13565866785576533,3
2026-02-09,2026-02-10,0.01579000576679748,1.0,0.010143438251533264,0.2696755187634729,4,0.0029123756001336824,0.11622120266263505,6,0.0027498406234786666,0.4018389063359346,6,-1.5648708348135515e-05,0.21226437223795747,4
2026-02-10,2026-02-11,0.00477822878969266,1.0,-0.0015096577688115836,0.3382257015737485,6,-0.004239150667756392,0.11681627119049731,4,0.001398957404360024,0.07006482211310221,4,0.00912807982190061,0.47489320512265204,6
2026-02-11,2026-02-12,0.010746321923273842,1.0,0.006744116596022035,0.40528824855140355,6,0.001052886339714218,0.10524415738686649,4,0.013396445047378776,0.13930345585961273,4,-0.010447126059841183,0.35016413820211734,6
2026-02-12,2026-02-13,0.0009109021909141802,1.0,0.00013671373613650473,0.11420757377173948,6,-0.0041672952075326505,0.1340140537358817,4,0.010182581711302072,0.20795020450289917,4,-0.005241098048991746,0.5438281679894796,6
2026-02-13,2026-02-17,0.003801901529541847,1.0,8.865683056422796e-05,0.18508047429901753,4,0.00039828659136776116,0.03957927733235027,6,0.006681999630962782,0.4471515536899763,6,-0.0033670415233529234,0.32818869467865597,4
2026-02-17,2026-02-18,0.004585960206918424,1.0,-0.004345400709556031,0.10803258566339413,6,0.0004943990757906374,0.15186982491061557,4,-0.0034334464500226985,0.15943609280016988,4,0.011870408290706517,0.5806614966258205,6
2026-02-18,2026-02-19,0.011062011560838865,1.0,0.0038482953776955552,0.1703414304706386,5,0.00020547737420407568,0.13662498744390353,5,-0.0004719778290730878,0.22719208391886275,5,0.007480216638012323,0.46584149816659515,5
2026-02-19,2026-02-20,-0.0022571609991362224,1.0,-9.30388319645748e-05,0.13879258433485855,4,-0.002019950025355566,0.2849157251073104,6,-0.00017456731878514898,0.44461111847200113,6,3.0395176969067448e-05,0.13168057208583,4
2026-02-20,2026-02-23,0.01210214627746538,1.0,0.0012453813025951966,0.2604112774960902,5,0.0018234425088468774,0.18024983973055497,5,0.00915850033310692,0.4319459125186705,5,-0.00012517786708361408,0.1273929702546842,5
2026-02-23,2026-02-24,-0.009848307763371068,1.0,-0.0047975289661306535,0.44686995556110803,5,-0.003142400082411178,0.2757740304021872,5,-0.001334495097325129,0.0769784260938038,5,-0.0005738836175041054,0.20037758794290111,5
2026-02-24,2026-02-25,0.0008594510205787521,0.9999999999999999,0.0013209339890551987,0.11030959784385078,5,0.004626925753786183,0.24058189527086726,5,-0.007529476761378419,0.45938845595515243,5,0.0024410680391157894,0.1897200509301293,5
2026-02-25,2026-02-26,0.004021964087413234,1.0,0.0018800502220564386,0.22749321620794172,6,0.0029959142455838438,0.2117591429472157,4,0.001014827053189849,0.09879747987006604,4,-0.001868827433416897,0.4619501609747767,6
2026-02-26,2026-02-27,-0.035417836799708766,1.0,-0.005649309971143976,0.1970146946273626,6,-0.0008955876377697069,0.2228055014818509,4,-0.013144002377763222,0.26741307014583093,4,-0.01572893681303185,0.31276673374495567,6
2026-02-27,2026-03-02,-0.0028675491190508703,1.0,0.00028169923180837203,0.4760489623246877,7,-0.0028467613835937563,0.05859393549420043,3,0.0009066619295889593,0.1574972050786631,3,-0.001209148896854445,0.3078598971024489,7
2026-03-02,2026-03-03,-0.006516185887868056,1.0,0.0012714637636566236,0.062346867151504684,7,-0.0006088942302941588,0.20476690937745914,3,-0.0004355590778686397,0.14303091132949475,3,-0.00674319634336188,0.5898553121415414,7
2026-03-03,2026-03-04,0.0008161244248925259,0.9999999999999999,-0.0005722764988194863,0.4231792053652844,7,-5.469119604704399e-05,0.08369245000642352,3,0.0034436488386644514,0.28024394378659323,3,-0.0020005567189053954,0.21288440084169866,7
2026-03-04,2026-03-05,0.0033132063018356476,1.0,-0.0016460084251622368,0.248391610356929,6,0.0022892136890625275,0.2128773837390622,4,-0.0012487895892655536,0.06131375415377667,4,0.003918790627200911,0.4774172517502322,6
2026-03-05,2026-03-06,-0.022570400800166195,1.0000000000000002,-0.0062833829387423734,0.21077687949563226,6,-0.0034425475969512742,0.13489622567875062,4,-0.012630867689624724,0.5564264372087768,4,-0.0002136025748478198,0.09790045761684052,6
2026-03-06,2026-03-09,0.0021009461827931225,1.0,0.0018192135549461154,0.2454246686410816,6,-0.0027264243804028,0.07637042812908756,4,-0.002804725740570803,0.42738447990039574,4,0.005812882748820611,0.2508204233294352,6
2026-03-09,2026-03-10,0.040578309166777925,1.0000000000000002,0.005550114048864839,0.14780214515587647,6,0.0005471728885476468,0.12189905713084145,4,0.02219763818259533,0.43607290061737364,4,0.01228338404677011,0.2942258970959086,6
2026-03-10,2026-03-11,-0.008447023661080523,1.0,-0.005894719602755334,0.5745328148528039,6,-0.00024906907711951995,0.04140089874545582,4,-0.0014528726425494856,0.09957338741590996,4,-0.0008503623386561842,0.2844928989858303,6
2026-03-11,2026-03-12,-0.00603299511205465,1.0,-0.00429721222840564,0.5013313092801677,6,-0.0009557838985937682,0.10396860102469752,4,-0.0020697040446579925,0.2185410728314042,4,0.001289705059602749,0.1761590168637308,6
2026-03-12,2026-03-13,-0.01965099548671806,0.9999999999999998,0.0013571900271144787,0.13790169651066664,6,-0.0032388883035787165,0.38504399747315116,4,-0.007375639034099257,0.24720724176600684,4,-0.010393658176154561,0.22984706425017518,6
2026-03-13,2026-03-16,0.020324752862048597,1.0,-0.0014278073037936297,0.18060239209718854,6,0.0052409210111941515,0.2999655430559497,4,0.016105341977594945,0.3219211312928971,4,0.0004062971770531324,0.1975109335539647,6
2026-03-16,2026-03-17,0.0009263375167793663,1.0,0.0024629063091281774,0.26654046533203846,5,0.0013590234623452062,0.3528621147443716,5,-0.0029043764190235096,0.21813048796375098,5,8.78416432949305e-06,0.16246693195983908,5
2026-03-17,2026-03-18,0.010302405499299727,1.0,0.0005303511152193287,0.1680231657603303,5,0.00377962972936512,0.2978639667181603,3,0.004063261281230609,0.16122571995692275,3,0.0019291633734846688,0.3728871475645867,5
2026-03-18,2026-03-19,-0.026238637698433653,1.0,-0.016143810143002514,0.5503966281679598,6,-0.0018317304361954805,0.04622245087950802,4,-0.004714137556533194,0.2869800391763136,4,-0.0035489595627024666,0.11640088177621863,6
2026-03-19,2026-03-20,0.018069041627100713,1.0,0.006379920897669652,0.5229092473166339,7,0.0027449148162442837,0.03374799060438796,3,0.0024867532920596967,0.2447307566135787,3,0.006457452621127079,0.19861200546539926,7
2026-03-20,2026-03-23,-0.018152495649466683,1.0,-0.009408933779001153,0.19044625221728848,5,-0.00739010896204236,0.15231207485090684,5,-0.0009844506988326992,0.13879467520621694,5,-0.00036900220959046825,0.5184469977255879,5
2026-03-23,2026-03-24,-0.013698637997216614,0.9999999999999999,-0.00587344705480978,0.4557031206535308,8,0.005366617464751784,0.12600000263971228,2,-0.011335204844398952,0.2202859278974637,2,-0.0018566035627596662,0.1980109488092932,8
2026-03-24,2026-03-25,0.006465685610741535,1.0000000000000002,-0.0003436198269601468,0.5904847527001045,6,0.0031391194139126608,0.1307941281854202,4,0.0005920748130062259,0.17607041163387838,4,0.0030781112107827963,0.10265070748059726,6
2026-03-25,2026-03-26,-0.004822467922506816,0.9999999999999998,-0.001557229087314772,0.22867350928169866,4,-0.003931233684087267,0.3841989495850925,6,-0.0030057291565035106,0.19804504376473778,6,0.003671724005398733,0.18908249736847105,4
2026-03-26,2026-03-27,-0.01988800882815994,1.0,-0.014676395025485066,0.5511820080278571,6,0.00020912962776225067,0.08090120795704575,4,-0.00011951085660839858,0.12565651505074524,4,-0.005301232573828726,0.24226026896435188,6
2026-03-27,2026-03-30,0.0004286436642957506,1.0000000000000002,0.003783800090452333,0.36848211636948364,6,-0.011813256726832444,0.1944263319741536,4,0.006475735386524524,0.22260946378813423,4,0.001982364914151337,0.21448208786822856,6
2026-03-30,2026-03-31,-0.012189748676888261,1.0,0.00303955778518362,0.17247232622846642,2,-0.010341876196956536,0.4406154641063955,8,-0.004872888992427431,0.3759077795000831,8,-1.4541272687914578e-05,0.011004430165055049,2
2026-03-31,2026-04-01,0.015554988386863831,0.9999999999999999,0.002134760200546183,0.17666142142452582,8,0.004044136550221374,0.25203578889984146,2,0.0001322579361522913,0.05544801194679847,2,0.009243833699943983,0.5158547777288341,8
2026-04-01,2026-04-02,-0.020060368613850854,1.0000000000000002,-0.0025233617335700415,0.15052813475383595,5,-0.0026365141130250958,0.13905331132192106,5,-0.012719155874036076,0.3690281333890521,5,-0.0021813368932196465,0.3413904205351911,5
2026-04-02,2026-04-06,0.022129949404166432,1.0,0.0007656659294786214,0.1636551646752018,5,-0.009556346247038208,0.4572906599780746,5,0.006408324930830254,0.10476445466023429,5,0.024512304790895764,0.2742897206864894,5
2026-04-06,2026-04-07,-0.003499674101488923,1.0,-0.004108180709708832,0.32765663236458287,7,0.0038219234926110024,0.06355602354271646,3,0.00011156395622455761,0.08206952623014863,3,-0.0033249808406156517,0.526717817862552,7
2026-04-07,2026-04-08,0.06034134084273101,0.9999999999999999,0.007774846888444231,0.18725851244235103,5,0.009569423083137138,0.1633247073709324,5,0.01987130481621438,0.29768359481624657,5,0.023125766054935267,0.35173318537046994,5
2026-04-08,2026-04-09,0.0024204343318280155,0.9999999999999999,0.002494802117393763,0.240990314097506,6,0.004347870735865564,0.15235422230637988,4,-0.0002630580715098738,0.23737476440676736,4,-0.004159180449921438,0.3692806991893466,6
2026-04-09,2026-04-10,0.031583127279447606,1.0,0.01127500968417502,0.19860580608518633,5,0.003231465382701562,0.1357340025832467,5,0.017840376179372088,0.5640094381761295,5,-0.0007637239668010646,0.10165075315543753,5
2026-04-10,2026-04-13,-0.008876625263010057,0.9999999999999998,0.00028222113711926693,0.391865369927788,7,-0.005600865785331814,0.05442011364817867,3,-0.0022844450072329447,0.2770111440144887,3,-0.0012735356075645671,0.27670337240954435,7
2026-04-13,2026-04-14,0.037609741511065484,1.0,0.010341767470110879,0.14237445690786907,5,0.005532589885599083,0.22610579738367442,5,0.0056507773202938896,0.3045628131431496,5,0.01608460683506164,0.326956932565307,5
2026-04-14,2026-04-15,0.019950818988830214,1.0000000000000002,0.007704975461958565,0.3911749641893166,8,0.0010666766631687327,0.02099375936021774,2,0.010668971239178822,0.22344011555714965,2,0.0005101956245240932,0.3643911608933162,8
2026-04-15,2026-04-16,0.009792034996541105,1.0,0.0027919963418193993,0.25470169057613107,5,0.0058483317427096984,0.43674748927682944,5,-0.000721024420915902,0.2206926510550893,5,0.0018727313329279084,0.08785816909195014,5
2026-04-16,2026-04-17,0.009819506114498826,1.0,9.443303796751731e-05,0.07885729720611079,3,0.00412038346798856,0.33658406511266176,7,0.006873722760408584,0.474224769665386,7,-0.0012690331518658332,0.11033386801584141,3
2026-04-17,2026-04-20,0.0045492092014794705,1.0,0.0007566456742809835,0.26994770548667313,4,0.0008281140334994468,0.06858099291173356,6,-0.0010655116364793656,0.3274609233002729,6,0.004029961130178405,0.3340103783013204,4
2026-04-20,2026-04-21,0.0034418007988459157,1.0,0.00435120324741092,0.2840046368043909,6,-0.0003201456650876556,0.14629033322274643,4,0.0030292608959487308,0.19214035146125677,4,-0.003618517679426079,0.3775646785116058,6
2026-04-21,2026-04-22,-0.002258908909842298,1.0,-0.003068908020717645,0.17914324462054998,4,-0.005505846064336682,0.35865751767467347,6,0.0017609559607930445,0.1684304033156837,6,0.004554889214418985,0.29376883438909285,4
2026-04-22,2026-04-23,0.00047464010951316733,1.0,-0.001146464714000448,0.17202204844292457,5,0.0055618740192316975,0.1970409478408763,5,-0.006830632621095236,0.27839497824416576,5,0.0028898634253771544,0.3525420254720334,5
2026-04-23,2026-04-24,0.005036295653067768,1.0000000000000002,0.0036305875273534294,0.11391610573402444,5,-0.007251664480884849,0.3033878978372975,5,0.009207726525060874,0.5093454509163097,5,-0.00055035391846169,0.07335054551236868,5
2026-04-24,2026-04-27,-0.007857536536290148,1.0,0.002001037255352731,0.39693371462013893,6,5.8616740935604154e-05,0.07953810605291706,4,-0.004477925025801786,0.21240938946219579,4,-0.0054392655067766965,0.3111187898647481,6
2026-04-27,2026-04-28,-0.00469431792971947,1.0,-0.002112067522697497,0.15212932384860198,7,0.00033835216443059456,0.12973757999748387,3,5.251606140377121e-05,0.3633200390834626,3,-0.00297311863285634,0.35481305707045163,7
2026-04-28,2026-04-29,0.01341787522967943,1.0000000000000002,-0.003328256619648641,0.16872668625564854,6,0.0030084281463970794,0.39969954112668343,4,-7.204627573913038e-05,0.05140988694311699,4,0.013809749978670119,0.3801638856745512,5
2026-04-29,2026-04-30,-0.006385400654408279,0.9999999999999999,0.002760744024149458,0.21295036677788953,5,-0.012202724370246141,0.2778517092070452,5,0.0014893541889434703,0.09638270992487151,5,0.0015672255027449327,0.41281521409019356,5
2026-04-30,2026-05-01,0.016521158602534322,1.0000000000000002,0.0010623861531914437,0.17522134491408678,5,0.006260864437257117,0.1475711960970774,5,-3.321938894193001e-06,0.3051271050013755,5,0.009201229950979951,0.3720803539874605,5
