formation_date,date,ai_ret,bench_ret,active_ret,n_ai,n_bench,allocation,selection,reconstruction_error
2025-04-14,2025-04-15,-0.005732237229412447,-0.007195813826539187,0.0014635765971267398,20,968,-0.00014038299017042762,0.0016039595872971682,-8.673617379884035e-19
2025-04-15,2025-04-16,-0.00905357396733722,-0.014119334231480856,0.0050657602641436365,20,996,0.00037339471881904117,0.004692365545324596,-8.673617379884035e-19
2025-04-16,2025-04-17,0.0199460305868316,-0.005453575145112742,0.025399605731944344,20,996,0.003034676158620851,0.022364929573323488,3.469446951953614e-18
2025-04-17,2025-04-21,-0.030731387369476393,-0.012783221035190001,-0.017948166334286392,20,996,0.0023714443414049203,-0.02031961067569131,0.0
2025-04-21,2025-04-22,-0.006763883730891009,-0.0025230200528018765,-0.004240863678089133,20,962,0.000300874034547988,-0.004541737712637121,0.0
2025-04-22,2025-04-23,0.033024717564586345,0.04036168998287972,-0.007336972418293376,20,996,-2.4361427165548314e-05,-0.0073126109911278245,-3.469446951953614e-18
2025-04-23,2025-04-24,-0.005428069310126613,-0.006894815085143116,0.0014667457750165026,20,971,-4.756892463464454e-05,0.0015143146996511472,-2.168404344971009e-19
2025-04-24,2025-04-25,0.03684997674326416,0.01914414242576453,0.017705834317499627,14,597,-5.1785988807848785e-05,0.017757620306307474,3.469446951953614e-18
2025-04-25,2025-04-28,0.010947030743461787,0.008362211937529495,0.0025848188059322923,20,995,4.734918121993372e-06,0.002580083887810298,8.673617379884035e-19
2025-04-28,2025-04-29,-0.010931511984767443,-0.004509424741929023,-0.0064220872428384194,20,994,2.9170125263084946e-06,-0.006425004255364727,-8.673617379884035e-19
2025-04-29,2025-04-30,-0.005591785560946738,-0.0032865471806165195,-0.0023052383803302185,16,895,-0.00033173086620173596,-0.0019735075141284826,0.0
2025-04-30,2025-05-01,0.012314494735975645,0.023900440762411157,-0.011585946026435512,20,996,0.0006607345133932264,-0.012246680539828735,-3.469446951953614e-18
2025-05-01,2025-05-02,0.012047954775317683,0.007818925758183548,0.004229029017134135,20,996,0.001464407847967854,0.0027646211691662818,-8.673617379884035e-19
2025-05-02,2025-05-05,-0.0071090489542791225,-0.0031427439598528126,-0.00396630499442631,20,996,-0.0007822499206975995,-0.0031840550737287105,0.0
2025-05-05,2025-05-06,-0.0024720015165729373,-0.006827238958949237,0.0043552374423763,20,859,4.9834292457011575e-05,0.004305403149919288,8.673617379884035e-19
2025-05-06,2025-05-07,0.004655532377173924,0.0036862466023042297,0.0009692857748696939,20,996,-0.0001248993194793928,0.0010941850943490868,-2.168404344971009e-19
2025-05-07,2025-05-08,0.014394581349057422,0.009516274602106403,0.004878306746951019,20,996,0.004186868919265643,0.0006914378276853764,0.0
2025-05-08,2025-05-09,-0.00170849039625369,0.002900965698117012,-0.004609456094370702,18,801,-3.297357303390086e-05,-0.004576482521336802,8.673617379884035e-19
2025-05-09,2025-05-12,0.03286438811944198,0.025283134350230208,0.00758125376921177,20,972,0.00014674048248147125,0.0074345132867303055,-6.071532165918825e-18
2025-05-12,2025-05-13,0.010165007773074856,0.003301029522231763,0.006863978250843093,20,996,0.0007257889548491999,0.006138189295993893,0.0
2025-05-13,2025-05-14,0.018680526478483468,0.007697835850593416,0.010982690627890052,20,996,0.0021863002987205895,0.008796390329169464,0.0
2025-05-14,2025-05-15,-0.0005286210744612691,-0.0047309800729862135,0.004202358998524945,20,996,0.0001323684100525838,0.00406999058847236,8.673617379884035e-19
2025-05-15,2025-05-16,0.005658322462199968,0.010542982871483239,-0.004884660409283271,20,985,4.521522956622403e-06,-0.004889181932239892,-1.734723475976807e-18
2025-05-16,2025-05-19,-0.017432039940103342,-0.007031610896232215,-0.010400429043871128,20,996,-0.0019782047947237555,-0.008422224249147372,0.0
2025-05-19,2025-05-20,0.012115597678195105,0.008634711805593222,0.0034808858726018826,20,996,0.00020809346818339224,0.003272792404418491,-4.336808689942018e-19
2025-05-20,2025-05-21,-0.006044460328667337,-0.007659265370133536,0.001614805041466199,20,996,-0.00016781677973796278,0.0017826218212041616,2.168404344971009e-19
2025-05-21,2025-05-22,0.003375763851859618,-0.010836972411774951,0.01421273626363457,20,996,0.0006602682306157407,0.013552468033018829,0.0
2025-05-22,2025-05-23,-0.011673335459789437,-0.011828506974615963,0.00015517151482652598,20,996,-0.0007206135783141133,0.0008757850931406381,1.1926223897340549e-18
2025-05-23,2025-05-27,0.018628509950864822,0.01834127320777055,0.00028723674309427336,20,996,1.0353872628888691e-05,0.0002768828704653857,-1.0299920638612292e-18
2025-05-27,2025-05-28,0.010856108157533365,0.009719875108761974,0.00113623304877139,20,996,0.000624802778398648,0.0005114302703727413,7.589415207398531e-19
2025-05-28,2025-05-29,0.016123513407002046,0.002883137863923946,0.0132403755430781,20,996,0.00011235895280746682,0.013128016590270634,0.0
2025-05-29,2025-05-30,-0.013645323897608051,-0.007990405698702947,-0.005654918198905104,20,995,-0.0014115065058195578,-0.004243411693085546,0.0
2025-05-30,2025-06-02,-0.005382283341871522,-0.0016443591194176498,-0.0037379242224538723,16,909,0.0001023288559905244,-0.0038402530784443973,4.336808689942018e-19
2025-06-02,2025-06-03,0.015842513389471357,0.0077346878660629155,0.00810782552340844,20,996,0.0020255339087531976,0.006082291614655244,-8.673617379884035e-19
2025-06-03,2025-06-04,0.004826170641690386,0.008300154769968846,-0.00347398412827846,20,996,0.0004239510806642349,-0.0038979352089426943,-8.673617379884035e-19
2025-06-04,2025-06-05,0.01286578889731522,0.0008894115740127605,0.01197637732330246,20,996,-0.0003408239024756964,0.012317201225778155,1.734723475976807e-18
2025-06-05,2025-06-06,-0.00322417695568724,0.0014002943275934826,-0.0046244712832807225,20,996,-0.0020964287471688563,-0.0025280425361118653,-8.673617379884035e-19
2025-06-06,2025-06-09,-0.008268725162271817,0.002032058576026096,-0.010300783738297913,19,982,-0.00035504629448186687,-0.009945737443816046,0.0
2025-06-09,2025-06-10,-0.0027658321216531205,0.0007174433973105916,-0.003483275518963712,20,996,0.0025247301257198635,-0.006008005644683576,0.0
2025-06-10,2025-06-11,0.004070364867676714,0.004444390526129383,-0.0003740256584526683,9,472,0.000987595655960511,-0.001361621314413179,-2.168404344971009e-19
2025-06-11,2025-06-12,-0.007830095795596542,-0.007428433315567459,-0.000401662480029083,20,996,-0.0001331585519702932,-0.0002685039280587899,1.0842021724855044e-19
2025-06-12,2025-06-13,-0.0018963837168658754,-0.0033968609453376357,0.0015004772284717602,20,996,0.0005054463707049929,0.0009950308577667676,-2.168404344971009e-19
2025-06-13,2025-06-16,0.005073005391381062,0.003810343768995753,0.0012626616223853095,20,996,-0.0011849646714804768,0.002447626293865786,4.336808689942018e-19
2025-06-16,2025-06-17,-4.083111656564826e-05,-0.0003874085145807277,0.00034657739801507943,20,996,4.616705465493068e-05,0.0003004103433601486,1.6263032587282567e-19
2025-06-17,2025-06-18,2.2061254155244896e-05,-0.0031193464069043998,0.0031414076610596447,20,996,4.461961304933092e-05,0.003096788048010314,-4.336808689942018e-19
2025-06-18,2025-06-20,-0.0013157313188081159,0.0033422980699112166,-0.004658029388719332,15,828,-0.0001625825404444457,-0.004495446848274886,0.0
2025-06-20,2025-06-23,-0.01758068497073056,-0.006823368717180495,-0.010757316253550066,20,996,0.00046487268049432996,-0.011222188934044395,0.0
2025-06-23,2025-06-24,0.022651755055618852,0.0163401696350732,0.006311585420545652,20,996,-0.0001856812894203349,0.006497266709965986,8.673617379884035e-19
2025-06-24,2025-06-25,0.01261818441556947,0.006461273740650206,0.006156910674919264,20,996,0.0005669100249899852,0.005590000649929278,8.673617379884035e-19
2025-06-25,2025-06-26,0.013537203854908739,0.0008626484519521897,0.012674555402956549,20,996,0.001061204742535373,0.011613350660421178,-1.734723475976807e-18
2025-06-26,2025-06-27,0.008145858085329714,0.006991146009440624,0.0011547120758890906,20,996,-0.0011100544415736289,0.002264766517462718,1.3010426069826053e-18
2025-06-27,2025-06-30,0.009253130358354865,0.006991728343054907,0.0022614020152999575,20,996,-0.0003752513429080846,0.0026366533582080427,-4.336808689942018e-19
2025-06-30,2025-07-01,0.0012122064669286559,-7.058699625417026e-05,0.001282793463182826,4,234,0.0006596656521449327,0.0006231278110378933,0.0
2025-07-01,2025-07-02,-0.021940817410268355,0.001222365933211875,-0.02316318334348023,20,996,-0.0014953190277381735,-0.02166786431574206,3.469446951953614e-18
2025-07-02,2025-07-03,0.015127215906328645,0.009395027540212889,0.005732188366115757,20,996,-0.0009906539240856457,0.006722842290201403,-8.673617379884035e-19
2025-07-03,2025-07-07,0.007591949924856806,0.000997791188938225,0.006594158735918581,20,996,0.0010862422817272766,0.005507916454191304,8.673617379884035e-19
2025-07-07,2025-07-08,0.001970677069721992,-0.002660319877540891,0.004630996947262883,20,996,5.426014247284362e-05,0.00457673680479004,-8.673617379884035e-19
2025-07-08,2025-07-09,-0.0011954744307905978,0.0017424218719791057,-0.0029378963027697036,20,996,-0.00019140264607742875,-0.002746493656692275,0.0
2025-07-09,2025-07-10,0.009542280457385515,0.0030398939556157767,0.006502386501769738,20,996,-0.0005683976176756465,0.007070784119445384,8.673617379884035e-19
2025-07-10,2025-07-11,-0.010082432628112191,-0.003107837269830637,-0.006974595358281554,20,996,-0.002025983139289995,-0.004948612218991559,0.0
2025-07-11,2025-07-14,0.0024900355570443315,-1.6020266765290033e-06,0.0024916375837208604,20,996,-0.00024590584806859407,0.0027375434317894543,0.0
2025-07-14,2025-07-15,0.01434070531584965,0.007443212847773763,0.006897492468075888,20,993,0.001033803021237897,0.005863689446837991,-8.673617379884035e-19
2025-07-15,2025-07-16,-0.0020396892220631594,-0.005952975766645845,0.0039132865445826856,18,847,0.0006433354366600459,0.003269951107922639,8.673617379884035e-19
2025-07-16,2025-07-17,-0.0013020031236971245,0.0012915707605264037,-0.0025935738842235282,15,822,-0.0003257561151504632,-0.0022678177690730653,4.336808689942018e-19
2025-07-17,2025-07-18,0.009189801676755208,0.009940695097462976,-0.000750893420707768,20,996,9.327508110942769e-05,-0.0008441685018171963,6.505213034913027e-19
2025-07-18,2025-07-21,-0.004115272942731996,-0.0019493277817782568,-0.0021659451609537398,20,996,-0.00018276307877795252,-0.001983182082175787,-4.336808689942018e-19
2025-07-21,2025-07-22,0.005514644973728375,-0.00016862803171745005,0.005683273005445825,20,996,0.00011305904994631685,0.005570213955499509,0.0
2025-07-22,2025-07-23,-0.0071869598218622715,0.004157437211218289,-0.011344397033080562,20,996,-0.001755402705578938,-0.009588994327501623,0.0
2025-07-23,2025-07-24,0.01352813919526723,0.005334320634081906,0.008193818561185322,20,996,0.0008110878569118071,0.007382730704273518,-2.6020852139652106e-18
2025-07-24,2025-07-25,0.0021209737384422665,0.0003644010762772149,0.0017565726621650516,20,996,-0.00011050349553408354,0.0018670761576991348,2.168404344971009e-19
2025-07-25,2025-07-28,0.005435178427228329,0.00422595915345339,0.0012092192737749386,10,330,3.330620909035003e-05,0.001175913064684589,-4.336808689942018e-19
2025-07-28,2025-07-29,-0.013637368523291551,-0.002597501505578153,-0.011039867017713399,10,286,-0.002196990499771194,-0.008842876517942204,0.0
2025-07-29,2025-07-30,-0.00032767825163581145,-0.001901743774275906,0.0015740655226400945,12,402,0.0006612826204729917,0.000912782902167103,-1.0842021724855044e-19
2025-07-30,2025-07-31,0.028600691862261336,0.005242015709471254,0.02335867615279008,20,996,0.0012164630968908982,0.022142213055899185,-3.469446951953614e-18
2025-07-31,2025-08-01,-0.03491915050687226,-0.021815624730721857,-0.013103525776150406,20,996,-0.0027114052891472375,-0.010392120487003163,-5.204170427930421e-18
2025-08-01,2025-08-04,0.003088055093945349,-0.00021891766545967337,0.0033069727594050224,20,996,-5.188289680233538e-05,0.003358855656207358,0.0
2025-08-04,2025-08-05,0.0208944055118533,0.008805119849938708,0.012089285661914593,19,943,9.068527506565798e-05,0.011998600386848936,-1.734723475976807e-18
2025-08-05,2025-08-06,-0.009651259501127968,-0.004209428889736893,-0.005441830611391075,20,985,3.806271716655412e-05,-0.005479893328557629,0.0
2025-08-07,2025-08-08,-0.002583369477723442,-0.003519597854607818,0.000936228376884376,20,996,-0.0002709211743331376,0.0012071495512175142,-4.336808689942018e-19
2025-08-08,2025-08-11,0.008467275031549842,0.004037770572931993,0.004429504458617849,20,996,-0.00026075903574666,0.0046902634943645095,0.0
2025-08-11,2025-08-12,0.0023454272455166922,0.001385750301879771,0.0009596769436369212,13,599,0.0004401204600951276,0.0005195564835417936,0.0
2025-08-12,2025-08-13,0.011183295569657317,0.010687763640601452,0.0004955319290558657,20,996,-0.0005443134459067618,0.0010398453749626301,-2.6020852139652106e-18
2025-08-13,2025-08-14,-0.013790709254749404,-0.0035680289395190225,-0.010222680315230381,20,996,-0.0008012149854333803,-0.009421465329797001,0.0
2025-08-14,2025-08-15,0.012184766311474988,0.004816023100061056,0.007368743211413932,12,670,0.000298400877325841,0.00707034233408809,8.673617379884035e-19
2025-08-15,2025-08-18,-0.005166445639099878,-0.004669004920475964,-0.0004974407186239139,9,500,-0.0005396956418253588,4.225492320144474e-05,1.6263032587282567e-19
2025-08-18,2025-08-19,-0.00046439688042223886,0.0009315142325144721,-0.0013959111129367109,20,996,0.0004972716643321815,-0.0018931827772688922,0.0
2025-08-19,2025-08-20,-0.019925262808601834,-0.00657482457337054,-0.013350438235231294,20,996,-0.002136874020317632,-0.011213564214913662,0.0
2025-08-20,2025-08-21,-0.008580379592645567,-0.005134672264610772,-0.0034457073280347948,20,996,0.00038533184392878616,-0.0038310391719635806,-4.336808689942018e-19
2025-08-21,2025-08-22,-0.00011997065001882962,0.002968683633810226,-0.0030886542838290554,14,777,-0.00045718078106432233,-0.0026314735027647327,-4.336808689942018e-19
2025-08-22,2025-08-25,0.008309537109421773,0.00918341666152134,-0.0008738795520995667,18,915,-0.00016919701734252287,-0.0007046825347570446,7.589415207398531e-19
2025-08-25,2025-08-26,0.0023972673177065796,-0.0028403624771218107,0.00523762979482839,15,732,0.0009865088636767647,0.004251120931151626,-8.673617379884035e-19
2025-08-26,2025-08-27,0.0024085229103445157,0.00403769367298135,-0.001629170762636834,20,982,-0.0018100278889736838,0.00018085712633684976,5.421010862427522e-20
2025-08-27,2025-08-28,0.0059896402378781955,0.005663976274231955,0.0003256639636462404,16,721,0.0005407236845900828,-0.00021505972094384204,-3.2526065174565133e-19
2025-08-28,2025-08-29,0.002922033723980875,0.00034279645473564733,0.0025792372692452275,17,892,0.00015248865194076008,0.002426748617304467,4.336808689942018e-19
2025-08-29,2025-09-02,-0.012743906003442447,-0.01528504678092292,0.002541140777480473,19,835,0.003097689337195232,-0.00055654855971476,1.0842021724855044e-18
2025-09-02,2025-09-03,0.0384133868306009,0.0121205238309691,0.0262928629996318,14,695,0.002946842398762976,0.02334602060086883,-3.469446951953614e-18
2025-09-03,2025-09-04,0.008984145772388796,0.002067983523474189,0.006916162248914607,15,847,0.0010351088075532487,0.005881053441361358,0.0
2025-09-04,2025-09-05,0.039743274643986255,0.012207812702200022,0.027535461941786233,14,799,-6.759208343166316e-05,0.027603054025217892,3.469446951953614e-18
2025-09-08,2025-09-09,0.001926184388737681,0.0015324607083675086,0.00039372368037017243,17,837,0.00040506817282287175,-1.1344492452699216e-05,-1.0842021724855044e-19
2025-09-09,2025-09-10,0.012428593675873041,0.015539087075979573,-0.003110493400106532,11,636,0.01397500266446165,-0.01708549606456818,-3.469446951953614e-18
2025-09-11,2025-09-12,0.0007880412290043213,0.006256153630912316,-0.0054681124019079945,11,487,0.00046525518174940375,-0.005933367583657397,-1.734723475976807e-18
2025-09-12,2025-09-15,0.001329359391379125,0.0025711499763259407,-0.0012417905849468156,20,946,-0.0024864750521644695,0.0012446844672176546,-6.505213034913027e-19
2025-09-15,2025-09-16,0.010562334284695878,0.002984025478484359,0.007578308806211518,20,990,0.00047193688249680215,0.007106371923714718,-1.734723475976807e-18
2025-09-16,2025-09-17,-0.0035258094848189796,-0.0008934479676431941,-0.0026323615171757854,16,826,5.214317162529355e-05,-0.0026845046888010794,4.336808689942018e-19
2025-09-17,2025-09-18,0.005141527281272758,0.0038550800606843437,0.0012864472205884139,18,958,-5.1372486308442655e-05,0.0013378197068968564,0.0
2025-09-18,2025-09-19,0.00034203208908340415,0.0040411111465911255,-0.0036990790575077213,20,990,-0.0005855984165376174,-0.003113480640970104,0.0
2025-09-19,2025-09-22,0.000275244138060934,-0.0014230133690049365,0.0016982575070658705,20,990,4.24620465113745e-05,0.0016557954605544965,-4.336808689942018e-19
2025-09-22,2025-09-23,0.0073024885319501725,0.007686746728292402,-0.0003842581963422291,15,657,0.0011019026223824079,-0.001486160818724637,0.0
2025-09-23,2025-09-24,-0.01268661685290634,-0.00648544859766564,-0.006201168255240701,16,657,-0.0009336011196094214,-0.005267567135631281,1.734723475976807e-18
2025-09-24,2025-09-25,-0.023877633002393907,-0.01684688087957408,-0.0070307521228198284,6,410,0.004192539127332358,-0.011223291250152187,0.0
2025-09-26,2025-09-29,0.005114326540698587,0.008433382745703055,-0.0033190562050044673,12,650,-0.000571780195937679,-0.002747276009066788,-4.336808689942018e-19
2025-10-09,2025-10-10,0.0008724934529727131,0.0005746681670665951,0.00029782528590611794,9,488,0.00016125610648976528,0.00013656917941635242,2.439454888092385e-19
2025-10-10,2025-10-13,-0.012146769158802362,-0.01819812816020412,0.00605135900140176,11,630,0.0016833319226679565,0.004368027078733803,0.0
2025-10-13,2025-10-14,-0.007582542239545089,-0.00551822845488134,-0.002064313784663749,9,661,-0.00042446658304512626,-0.0016398472016186222,-4.336808689942018e-19
2025-10-14,2025-10-15,0.017728264817021715,0.018827262985743724,-0.001098998168722009,9,496,0.0007967460339563055,-0.001895744202678317,2.6020852139652106e-18
2025-10-15,2025-10-16,0.009067434851675254,-0.0006824646757131393,0.009749899527388393,12,649,0.0002737531453736711,0.009476146382014721,0.0
2025-10-16,2025-10-17,-0.01800122433349649,-0.018066902561258973,6.567822776248206e-05,5,258,-0.00034058594771447766,0.00040626417547696026,-5.421010862427522e-19
2025-10-17,2025-10-20,0.0062662657731400884,0.011287432654163425,-0.005021166881023336,9,474,0.0006005579346381896,-0.005621724815661528,1.734723475976807e-18
2025-10-20,2025-10-21,-0.005698970033508296,0.0014594029729594403,-0.007158373006467737,7,322,0.00030381377245028906,-0.007462186778918025,-1.734723475976807e-18
2025-10-21,2025-10-22,-0.0017827967328873794,0.0025986622964861597,-0.004381459029373539,11,548,-0.0008187881335113617,-0.0035626708958621774,0.0
2025-10-22,2025-10-23,-0.010173504083731013,-0.011367750305323814,0.001194246221592801,9,452,0.0025601069020644777,-0.0013658606804716786,1.734723475976807e-18
2025-10-23,2025-10-24,0.01985089638446518,0.01903329238580528,0.0008176039986599014,9,555,-0.00036859389044484325,0.001186197889104748,-3.469446951953614e-18
2025-10-24,2025-10-27,0.026106859431487342,0.012409753705166046,0.013697105726321296,10,470,0.0009228810149794766,0.012774224711341823,-3.469446951953614e-18
2025-10-27,2025-10-28,0.013818808792135363,0.005935846331960613,0.00788296246017475,19,889,0.00024095507304070532,0.007642007387134044,0.0
2025-10-28,2025-10-29,0.017839566316563842,0.0015591694578998823,0.01628039685866396,20,954,0.0007088712544859355,0.015571525604178025,-1.734723475976807e-18
2025-10-29,2025-10-30,0.00020710469736593263,-0.007792302528603567,0.0079994072259695,20,995,0.004908826532614528,0.003090580693354973,-8.673617379884035e-19
2025-10-30,2025-10-31,0.0020732926190158403,0.002315963191770432,-0.00024267057275459154,20,996,0.00044300301431232593,-0.0006856735870669178,3.2526065174565133e-19
2025-10-31,2025-11-03,-0.0007773526684560813,0.0009647670711999827,-0.0017421197396560641,20,994,0.0004966569662203176,-0.0022387767058763817,0.0
2025-11-03,2025-11-04,-0.022482201941702033,-0.01578603617678774,-0.006696165764914292,19,828,0.0005729008259286548,-0.007269066590842945,-1.734723475976807e-18
2025-11-04,2025-11-05,-0.007349041029671162,-0.0015675093688179158,-0.005781531660853247,20,996,-0.0007580344382376977,-0.005023497222615548,-8.673617379884035e-19
2025-11-05,2025-11-06,0.004857189890088768,0.003240918906872052,0.0016162709832167159,20,996,6.865642180181142e-05,0.0015476145614149047,-2.168404344971009e-19
2025-11-06,2025-11-07,-0.027807047400668517,-0.01461004953245658,-0.013196997868211937,20,990,0.0008285313422945306,-0.014025529210506468,1.734723475976807e-18
2025-11-07,2025-11-10,0.015683233158280165,0.015530494342225152,0.00015273881605501298,20,996,-0.0013010796819277947,0.0014538184979828077,0.0
2025-11-10,2025-11-11,0.0106570852646929,0.003396156284703467,0.007260928979989433,11,968,0.0010589986197608106,0.006201930360228621,1.734723475976807e-18
2025-11-11,2025-11-12,0.005338872655744621,0.007630387385582824,-0.0022915147298382035,20,996,-0.0005326539920940408,-0.0017588607377441645,1.734723475976807e-18
2025-11-12,2025-11-13,-0.010128054145574685,-0.007338157750575917,-0.002789896394998768,20,996,0.0021711967254666627,-0.00496109312046543,-8.673617379884035e-19
2025-11-13,2025-11-14,-0.022010943012852686,-0.023949677967729472,0.0019387349548767863,20,996,-0.0002501090945672744,0.002188844049444061,-4.336808689942018e-19
2025-11-14,2025-11-17,0.007017404874090953,0.007356195697691524,-0.0003387908236005708,20,996,0.001569300326761123,-0.0019080911503616927,-1.0842021724855044e-18
2025-11-17,2025-11-18,-0.00602232035405792,-0.01205089749157535,0.006028577137517429,20,996,0.0023927349600679905,0.003635842177449438,4.336808689942018e-19
2025-11-18,2025-11-19,0.0016866928511434557,-0.000915317463973542,0.0026020103151169977,20,996,-0.00023465912086333824,0.0028366694359803365,-4.336808689942018e-19
2025-11-19,2025-11-20,0.04558751020925287,0.01798742796057468,0.02760008224867819,20,996,3.620166841272274e-05,0.027563880580265453,1.3877787807814457e-17
2025-11-20,2025-11-21,-0.04104929785341627,-0.02695893754247844,-0.014090360310937827,20,996,0.00015309684178528593,-0.014243457152723113,0.0
2025-11-21,2025-11-24,0.02482321717621997,0.01168967544814389,0.01313354172807608,20,996,-0.0005898877944382983,0.013723429522514376,3.469446951953614e-18
2025-11-24,2025-11-25,0.012688225123196062,0.009456110860378,0.003232114262818062,20,992,-0.0008831879120820671,0.004115302174900127,1.734723475976807e-18
2025-11-25,2025-11-26,0.012485042152144576,0.014636610554373484,-0.0021515684022289077,20,996,-0.002105605127484497,-4.5963274744410375e-05,-4.336808689942018e-19
2025-11-26,2025-11-28,-0.0015321214364803827,0.004657302301421626,-0.006189423737902008,20,996,-0.0005381660839150705,-0.005651257653986937,0.0
2025-11-28,2025-12-01,-0.007932292648919691,-0.002952276831659109,-0.004980015817260582,20,996,3.0302320976120054e-05,-0.005010318138236702,0.0
2025-12-01,2025-12-02,-0.005951636276085291,0.00509522637324595,-0.01104686264933124,20,996,-0.0008200529475480133,-0.010226809701783227,0.0
2025-12-02,2025-12-03,0.003883540828875919,-0.0027632853411313513,0.00664682617000727,20,996,-7.451158817856155e-05,0.006721337758185832,0.0
2025-12-03,2025-12-04,0.014326236817028859,0.0076745227555429524,0.006651714061485906,20,996,4.5772457179688084e-05,0.006605941604306217,1.734723475976807e-18
2025-12-04,2025-12-05,0.009542476031909844,0.00010814769723113378,0.00943432833467871,20,996,0.0005780774672988502,0.008856250867379858,1.734723475976807e-18
2025-12-05,2025-12-08,0.009654261619693367,0.0011782177141025025,0.008476043905590865,20,996,-0.00019716150342496413,0.008673205409015831,-1.734723475976807e-18
2025-12-08,2025-12-09,-0.00331933184804639,-0.00540499528101386,0.00208566343296747,20,996,-0.000774275670020578,0.002859939102988049,-8.673617379884035e-19
2025-12-09,2025-12-10,0.017075777227295377,-0.0002040861323552867,0.017279863359650663,20,996,-0.00042625408283777585,0.017706117442488435,3.469446951953614e-18
2025-12-10,2025-12-11,0.010275469659798017,0.003834199238095006,0.006441270421703012,20,996,0.0010484990885477952,0.005392771333155216,0.0
2025-12-11,2025-12-12,-0.01216200342871071,0.004597877205749518,-0.01675988063446023,20,996,-0.0022086442567282754,-0.014551236377731952,-1.734723475976807e-18
2025-12-12,2025-12-15,-0.026664466212859197,-0.004511032494448377,-0.02215343371841082,20,996,-0.0003765730884037067,-0.021776860630007118,3.469446951953614e-18
2025-12-15,2025-12-16,4.7147472941059106e-05,-0.009329218707511083,0.009376366180452142,20,996,-6.236410157354957e-05,0.009438730282025687,3.469446951953614e-18
2025-12-16,2025-12-17,2.1672814509280693e-05,0.0006460197124859035,-0.0006243468979766228,20,996,-0.0005159304620381498,-0.00010841643593847376,7.589415207398531e-19
2025-12-17,2025-12-18,-0.011247521083249388,-0.0029408248784451706,-0.008306696204804218,20,996,-1.4011099667135737e-05,-0.008292685105137082,0.0
2025-12-18,2025-12-19,0.012625053685570977,0.0014736019355664094,0.011151451750004569,18,776,-0.0003962868577082676,0.011547738607712832,5.204170427930421e-18
2025-12-19,2025-12-22,0.033487157166073235,0.011344478573255662,0.022142678592817572,20,996,0.001432269554059891,0.020710409038757687,-6.938893903907228e-18
2025-12-22,2025-12-23,-0.0032694604478088543,-7.532512429149902e-05,-0.003194135323517355,20,996,0.00023319231324373592,-0.0034273276367610913,4.336808689942018e-19
2025-12-23,2025-12-24,0.00485572424670127,0.004869081285287733,-1.335703858646245e-05,20,968,-0.00014390838769201049,0.0001305513491055483,-2.710505431213761e-19
2025-12-24,2025-12-26,0.004340037900060498,0.004049549546037276,0.0002904883540232224,20,995,2.3078752066223593e-05,0.0002674096019570002,-1.4094628242311558e-18
2025-12-26,2025-12-29,-0.016142315290985393,-0.004638396050626919,-0.011503919240358474,20,996,0.00030039009320140145,-0.011804309333559873,-1.734723475976807e-18
2025-12-29,2025-12-30,0.010181729023856811,-0.0005687191152477857,0.010750448139104597,20,996,-4.738922272885679e-05,0.010797837361833453,0.0
2025-12-30,2025-12-31,-0.0056099170771631585,-0.00036134975454400276,-0.005248567322619156,20,996,0.00015565546880724778,-0.005404222791426404,0.0
2025-12-31,2026-01-02,-0.001719693772604401,-0.002677755313567484,0.000958061540963083,20,996,-0.0013896977924069286,0.0023477593333700118,0.0
2026-01-02,2026-01-05,0.0049545033409920955,0.001960997645654587,0.0029935056953375085,20,996,-8.699203235569855e-05,0.0030804977276932067,4.336808689942018e-19
2026-01-05,2026-01-06,-0.0004720221047811279,0.002718203801842696,-0.0031902259066238243,20,996,0.0005527353546439998,-0.0037429612612678246,4.336808689942018e-19
2026-01-06,2026-01-07,0.01143196321589579,0.00611134121530141,0.005320622000594381,20,996,0.001131138258080739,0.004189483742513643,-1.734723475976807e-18
2026-01-07,2026-01-08,-0.002156581382040977,-0.004635095125033716,0.002478513742992739,20,996,0.0006540032956996433,0.001824510447293095,4.336808689942018e-19
2026-01-08,2026-01-09,-0.004268751146727403,0.0028630679218914763,-0.007131819068618879,20,996,0.0006301112203002456,-0.007761930288919124,-8.673617379884035e-19
2026-01-09,2026-01-12,0.0030999883432654167,-6.992622725052243e-05,0.003169914570515939,20,996,-0.00033953442289479644,0.0035094489934107357,-4.336808689942018e-19
2026-01-12,2026-01-13,0.00874240859051412,0.007193132049554838,0.0015492765409592822,20,996,6.02386891857218e-05,0.001489037851773561,-6.505213034913027e-19
2026-01-13,2026-01-14,-0.007830361111248522,-0.0063247516777753055,-0.0015056094334732163,20,996,0.0011126197556973031,-0.0026182291891705197,4.336808689942018e-19
2026-01-14,2026-01-15,-0.0034826309486269582,0.00508399999278444,-0.008566630941411399,20,996,0.0009794149483576338,-0.009546045889769032,0.0
2026-01-15,2026-01-16,0.011915060178094728,-0.0017340523204949724,0.0136491124985897,20,996,0.00034302710438245063,0.013306085394207249,1.734723475976807e-18
2026-01-16,2026-01-20,-0.03058725157781176,-0.01709469678760726,-0.0134925547902045,20,996,0.00017560751386601657,-0.013668162304070511,-5.204170427930421e-18
2026-01-20,2026-01-21,-0.006707339846830327,-0.0026387008831401213,-0.004068638963690205,20,996,-0.00015118640058709484,-0.003917452563103109,-8.673617379884035e-19
2026-01-21,2026-01-22,0.028802431836962843,0.015049748600288347,0.013752683236674496,20,996,0.00020720758140455408,0.013545475655269944,-1.734723475976807e-18
2026-01-22,2026-01-23,-0.004515740156026619,-0.0021260497566117083,-0.0023896903994149103,20,996,0.00030894288729664174,-0.0026986332867115523,4.336808689942018e-19
2026-01-23,2026-01-26,0.002708388258159508,0.00242396674586914,0.0002844215122903681,20,996,-0.002062110447530006,0.0023465319598203753,-1.3010426069826053e-18
2026-01-26,2026-01-27,0.00476337255927289,0.005085264253898793,-0.00032189169462590317,20,996,0.00013447220708462553,-0.00045636390171052764,-1.0842021724855044e-18
2026-01-27,2026-01-28,0.017477538219101422,0.0037017581487732917,0.01377578007032813,20,996,0.0003986952474058958,0.013377084822922236,-1.734723475976807e-18
2026-01-28,2026-01-29,-0.008483102290607822,-0.002062940585321849,-0.006420161705285973,20,996,-0.0010817988147548935,-0.005338362890531084,5.204170427930421e-18
2026-01-29,2026-01-30,-0.0007749193826328497,-0.00636909609885188,0.0055941767162190304,20,996,9.295197320069677e-05,0.005501224743018336,-2.6020852139652106e-18
2026-01-30,2026-02-02,-0.020109734971350123,-0.004870361798278977,-0.015239373173071145,20,996,-9.982539491790387e-06,-0.015229390633579353,-1.734723475976807e-18
2026-02-02,2026-02-03,0.02821947087374509,0.010464047187093501,0.01775542368665159,20,996,-0.0005031583685294076,0.018258582055180994,3.469446951953614e-18
2026-02-03,2026-02-04,-0.012508653407991635,-0.007923088714948316,-0.004585564693043319,20,996,-0.0006732706060858614,-0.003912294086957457,-8.673617379884035e-19
2026-02-04,2026-02-05,-0.04502179588174138,-0.014590388247134371,-0.030431407634607006,20,996,-8.813207230502024e-05,-0.03034327556230199,3.469446951953614e-18
2026-02-05,2026-02-06,-0.02250071747135768,0.0010489942775733826,-0.02354971174893106,20,996,-0.0025337449953784907,-0.021015966753552568,-3.469446951953614e-18
2026-02-06,2026-02-09,0.012278223905871737,0.012613105118303256,-0.00033488121243151897,20,996,0.0004580250079112697,-0.0007929062203427904,1.734723475976807e-18
2026-02-09,2026-02-10,0.01579000576679748,0.008672507963599661,0.007117497803197818,20,996,0.0006138987944964862,0.006503599008701333,-8.673617379884035e-19
2026-02-10,2026-02-11,0.004778228789692659,0.0018753282093844277,0.0029029005803082315,20,996,-0.0011466665922707123,0.004049567172578944,0.0
2026-02-11,2026-02-12,0.010746321923273846,-0.0030949100290733477,0.013841231952347193,20,996,-0.0011975888281646355,0.01503882078051183,-1.734723475976807e-18
2026-02-12,2026-02-13,0.0009109021909141804,-0.01867774667627352,0.0195886488671877,20,996,0.0008412116504200488,0.01874743721676765,0.0
2026-02-13,2026-02-17,0.0038019015295418478,-0.0014685089850738503,0.005270410514615698,20,996,0.0008514213002627525,0.004418989214352945,0.0
2026-02-17,2026-02-18,0.004585960206918423,0.00524565890599815,-0.0006596986990797266,20,996,4.28541966949229e-05,-0.0007025528957746502,6.505213034913027e-19
2026-02-18,2026-02-19,0.011062011560838867,-0.00029214259141042715,0.011354154152249295,20,996,-0.0002758977306696392,0.011630051882918935,0.0
2026-02-19,2026-02-20,-0.0022571609991362224,-0.0023358178703705304,7.865687123430809e-05,20,996,0.00028953029276604673,-0.00021087342153173908,4.336808689942018e-19
2026-02-20,2026-02-23,0.012102146277465382,0.00718888478797788,0.004913261489487501,20,996,-0.0013968944938701222,0.0063101559833576215,1.734723475976807e-18
2026-02-23,2026-02-24,-0.009848307763371067,-0.009253722309343553,-0.0005945854540275134,20,996,0.0009193888194781746,-0.0015139742735056881,0.0
2026-02-24,2026-02-25,0.0008594510205787515,0.012336350319169612,-0.01147689929859086,20,996,-7.81014712450897e-05,-0.01139879782734577,0.0
2026-02-25,2026-02-26,0.004021964087413234,0.004734266738526769,-0.0007123026511135352,20,996,-0.00017677975557057275,-0.0005355228955429625,0.0
2026-02-26,2026-02-27,-0.03541783679970876,-0.01484319757202475,-0.02057463922768401,20,996,-0.0006862871110438991,-0.019888352116640112,3.469446951953614e-18
2026-02-27,2026-03-02,-0.0028675491190508703,-0.005913706253685833,0.0030461571346349628,20,996,0.0005976431905093393,0.002448513944125622,1.3010426069826053e-18
2026-03-02,2026-03-03,-0.006516185887868056,-0.005396426227339585,-0.001119759660528471,20,996,0.00024494374282102904,-0.0013647034033494989,-1.3010426069826053e-18
2026-03-03,2026-03-04,0.0008161244248925258,0.010766065966291876,-0.009949941541399351,20,996,-0.00017926541016549856,-0.009770676131233853,0.0
2026-03-04,2026-03-05,0.003313206301835648,-0.0007227333692585915,0.00403593967109424,20,996,-0.0006521231458390275,0.0046880628169332665,8.673617379884035e-19
2026-03-05,2026-03-06,-0.02257040080016619,-0.013261032692841818,-0.009309368107324374,20,996,-0.00027953119129876835,-0.009029836916025605,0.0
2026-03-06,2026-03-09,0.002100946182793122,-0.010540165327366272,0.012641111510159394,20,996,0.0006791332111017076,0.011961978299057688,-1.734723475976807e-18
2026-03-09,2026-03-10,0.040578309166777925,0.01778895902716915,0.022789350139608776,20,996,0.0009660449485938508,0.021823305191014927,-3.469446951953614e-18
2026-03-10,2026-03-11,-0.008447023661080523,-0.0011865151591902584,-0.007260508501890265,20,996,0.00041966955166498985,-0.007680178053555255,0.0
2026-03-11,2026-03-12,-0.0060329951120546505,-0.009604361986256835,0.003571366874202185,20,996,0.00016859122773376614,0.0034027756464684146,4.336808689942018e-18
2026-03-12,2026-03-13,-0.019650995486718052,-0.002960692679466373,-0.01669030280725168,20,996,-0.00038437469317835363,-0.016305928114073328,3.469446951953614e-18
2026-03-13,2026-03-16,0.0203247528620486,-0.0014874843774828706,0.021812237239531473,20,996,0.0011014856322106661,0.020710751607320804,3.469446951953614e-18
2026-03-16,2026-03-17,0.0009263375167793665,0.005700893470703078,-0.0047745559539237115,20,996,0.000418076403535952,-0.005192632357459664,8.673617379884035e-19
2026-03-17,2026-03-18,0.010302405499299727,-0.004961936674005017,0.015264342173304744,16,850,-0.0010125137700675998,0.016276855943372342,3.469446951953614e-18
2026-03-18,2026-03-19,-0.026238637698433653,-0.016777888356020402,-0.009460749342413251,20,996,0.00014030435928131515,-0.009601053701694565,-1.734723475976807e-18
2026-03-19,2026-03-20,0.018069041627100713,0.0018282001696503698,0.016240841457450344,20,996,-0.0002801430670429247,0.016520984524493267,0.0
2026-03-20,2026-03-23,-0.018152495649466683,0.0026958556509890643,-0.020848351300455748,20,996,-0.0016518827781807593,-0.01919646852227499,0.0
2026-03-23,2026-03-24,-0.013698637997216614,-0.009531841563659828,-0.004166796433556786,20,996,-0.000367759790105148,-0.003799036643451638,-4.336808689942018e-19
2026-03-24,2026-03-25,0.006465685610741536,0.010911830528210292,-0.004446144917468756,20,996,6.199832566251577e-05,-0.004508143243131272,0.0
2026-03-25,2026-03-26,-0.004822467922506818,-0.01064197730564138,0.005819509383134563,20,996,-0.0003774175896817796,0.0061969269728163415,8.673617379884035e-19
2026-03-26,2026-03-27,-0.01988800882815994,-0.014066624720365142,-0.005821384107794796,20,996,-8.23259511332617e-05,-0.005739058156661537,2.6020852139652106e-18
2026-03-27,2026-03-30,0.0004286436642957514,-0.005051037458166018,0.005479681122461769,20,996,3.892305973182871e-05,0.00544075806272994,8.673617379884035e-19
2026-03-30,2026-03-31,-0.01218974867688826,-0.0007852071043277561,-0.011404541572560503,20,996,0.0019230427182998983,-0.013327584290860402,0.0
2026-03-31,2026-04-01,0.015554988386863831,0.023464246503391586,-0.007909258116527755,20,996,-0.0038336133726507324,-0.004075644743877024,1.734723475976807e-18
2026-04-01,2026-04-02,-0.02006036861385086,-0.011936430393898446,-0.008123938219952415,20,996,0.0003645185791908952,-0.00848845679914331,1.734723475976807e-18
2026-04-02,2026-04-06,0.022129949404166432,0.013862339404304131,0.008267609999862301,20,996,-0.0009640282984907376,0.009231638298353037,1.734723475976807e-18
2026-04-06,2026-04-07,-0.0034996741014889227,0.003673733127387561,-0.0071734072288764834,20,996,-0.0012900279893854013,-0.0058833792394910826,0.0
2026-04-07,2026-04-08,0.060341340842731,0.029697161025210743,0.03064417981752026,20,996,0.0019500430074769599,0.028694136810043305,-3.469446951953614e-18
2026-04-08,2026-04-09,0.002420434331828016,-0.0027100745372882797,0.005130508869116295,20,996,-0.00021183230225073167,0.005342341171367027,0.0
2026-04-09,2026-04-10,0.031583127279447606,0.009194662258870204,0.022388465020577404,20,996,4.328957890516549e-05,0.022345175441672242,-3.469446951953614e-18
2026-04-10,2026-04-13,-0.008876625263010059,-0.0061125060092491555,-0.0027641192537609036,20,996,0.00041330016006201975,-0.0031774194138229237,4.336808689942018e-19
2026-04-13,2026-04-14,0.037609741511065484,0.016149890467901603,0.02145985104316388,20,996,-3.064211752114434e-05,0.021490493160685024,0.0
2026-04-14,2026-04-15,0.019950818988830214,0.010293364088694523,0.009657454900135691,20,996,-0.0012944295139223781,0.010951884414058066,3.469446951953614e-18
2026-04-15,2026-04-16,0.009792034996541105,0.008391383907267456,0.0014006510892736485,20,996,-0.0014792972702146175,0.002879948359488267,-1.3010426069826053e-18
2026-04-16,2026-04-17,0.009819506114498826,0.007386924748068308,0.0024325813664305175,20,996,0.00020764902850948586,0.002224932337921032,-4.336808689942018e-19
2026-04-17,2026-04-20,0.0045492092014794705,0.00403134282464515,0.0005178663768343203,20,996,-0.001802045092331605,0.002319911469165923,2.168404344971009e-18
2026-04-20,2026-04-21,0.0034418007988459157,0.0025550898272862143,0.0008867109715597014,20,996,0.00044178373944723614,0.000444927232112465,2.168404344971009e-19
2026-04-21,2026-04-22,-0.0022589089098422974,-0.0011019945568251331,-0.0011569143530171643,20,996,2.0928636272429526e-05,-0.0011778429892895935,-4.336808689942018e-19
2026-04-22,2026-04-23,0.00047464010951316787,-0.0004704798109574181,0.0009451199204705859,20,996,5.511570579974625e-05,0.0008900042146708399,-2.168404344971009e-19
2026-04-23,2026-04-24,0.005036295653067767,0.0009773525982605749,0.004058943054807192,20,998,0.0008471498609697217,0.00321179319383747,4.336808689942018e-19
2026-04-24,2026-04-27,-0.007857536536290148,0.0012425923399476783,-0.009100128876237826,20,998,-0.005369209640072374,-0.0037309192361654527,8.673617379884035e-19
2026-04-27,2026-04-28,-0.0046943179297194715,-0.0014371702999086099,-0.0032571476298108616,20,998,5.351610076618193e-05,-0.0033106637305770435,0.0
2026-04-28,2026-04-29,0.013417875229679428,-0.002325780907688834,0.01574365613736826,19,935,0.0006214973788131644,0.015122158758555097,0.0
2026-04-29,2026-04-30,-0.00638540065440828,0.005053812613608459,-0.011439213268016737,20,998,-0.002514535609894492,-0.008924677658122247,1.734723475976807e-18
2026-04-30,2026-05-01,0.016521158602534322,0.010407994337866195,0.006113164264668127,20,998,0.001708054870701535,0.004405109393966589,2.6020852139652106e-18
